sequence,concept,site_id,lookup_key,subject,family,prior_priority,current_disposition,current_status,mathematical_and_pedagogical_review,required_rework,acceptance_gate,recommended_visualisation,source_alignment,implementation_epic,estimated_effort,final_disposition,delivery_evidence
1,Group axioms,mh2220-axioms,"navTitle exact match: ""Group axioms""",Groups & symmetry,Groups & generators,P1,FIRST_PASS_REWORK,"Current disposition reports worked feedback, but the prior critique remains a useful specification for stronger first teaching.","The axioms are present, but the opening examples reach GL and SL before a learner has a dependable understanding of an operation. A multiplication table is not, by itself, an explanation of associativity.","Start with composition of triangle motions and addition of integers. Give a nonexample for each axiom, then prove uniqueness of identity and inverses. Keep matrix groups as a later connection.",Identify the exact failed axiom in a proposed operation and distinguish closure from associativity.,Operation table + motion-composition sandbox with one-click nonexamples and an associativity witness.,MH2220,E2-groups-foundations,M,guided-content and foundation laboratory delivered; full concept gate pending,Issue #32 authored teaching; Issue #33; lib/algebra/lab-contracts.json#mh2220-axioms; tests/foundation-labs.test.mjs; tests/browser/foundation-labs.spec.mjs. Finite foundation experiment verified; final per-concept review and remaining teaching requirements stay open.
2,Inverses & order,mh2220-inverse-order,"navTitle exact match: ""Inverses & order""",Groups & symmetry,Groups & generators,P1,FIRST_PASS_REWORK,"Current disposition reports worked feedback, but the prior critique remains a useful specification for stronger first teaching.","Cancellation, inverses and element order are compressed into one capsule. A learner needs to see why reversing a word also reverses the order of its inverses.","Derive (ab)⁻¹=b⁻¹a⁻¹ line by line; contrast finite and infinite order and compute orders by repeated multiplication. State commutativity as a sufficient condition for familiar power rules, not an unexplained universal necessity.",Prove the inverse-of-a-product formula and find the order of a power of a cyclic generator.,"Word-reversal animation, Cayley-cycle trace, and order-of-a-power calculator with proof prompts.",MH2220,E2-groups-foundations,M,guided-content and foundation laboratory delivered; full concept gate pending,Issue #32 authored teaching; Issue #33; lib/algebra/lab-contracts.json#mh2220-inverse-order; tests/foundation-labs.test.mjs; tests/browser/foundation-labs.spec.mjs. Finite foundation experiment verified; final per-concept review and remaining teaching requirements stay open.
3,Subgroups,mh2220-subgroups,"navTitle exact match: ""Subgroups""",Groups & symmetry,Groups & generators,P1,FIRST_PASS_REWORK,"Current disposition reports worked feedback, but the prior critique remains a useful specification for stronger first teaching.","The subgroup test is useful and the nonempty condition matters, but the jump from a closure test to subgroup structure is too quick.","Work the test on an actual subset, a failed subset and nℤ. Prove the classification of subgroups of ℤ, including {0}; explain why larger divisors produce smaller subgroups.",Decide membership and inclusion in a subgroup lattice without treating the picture as a geometric proof.,Cayley graph with selectable closed subsets and an automatically generated subgroup lattice.,MH2220,E2-groups-foundations,M,guided-content-delivered; laboratory gate pending,Issue #32; lib/algebra/guided-lessons.json#mh2220-subgroups; tests/guided-content.test.mjs; retained original source/proof status; concept-specific laboratory work remains.
4,Generators,mh2220-generators,"navTitle exact match: ""Generators""",Groups & symmetry,Groups & generators,P1,FIRST_PASS_REWORK,"Current disposition reports worked feedback, but the prior critique remains a useful specification for stronger first teaching.","The explanation discusses words, the experiment uses a finite group, and the proof establishes a gcd statement in ℤ. All are valid ideas, but the transitions are not taught.","Separate generated subgroups, lattice joins and integer generation. Supply an extended-Euclidean calculation before invoking Bézout. Contrast a list of relations with a complete presentation. Repair the split math delimiter in “Bézout.”",Explain why the union of two subgroups may fail while the subgroup generated by that union exists.,Reachability/word-builder that colours elements by shortest word length and exposes relations.,MH2220,E2-groups-foundations,M,guided lesson and V03 laboratory delivered,Issue #44; lib/algebra/guided-lessons.json; lib/algebra/cayley-words.ts; components/algebra/CayleyRelations.tsx; components/algebra/CyclicSubgroups.tsx; components/algebra/CayleyEmbedding.tsx; tests/cayley-words.test.mjs; tests/browser/cayley-words.spec.mjs. S3 presentation completeness uses a normal-form argument; finite word tables alone do not prove an arbitrary presentation.
5,Congruence,mh2220-congruence,"navTitle exact match: ""Congruence""",Groups & symmetry,Groups & generators,P1,FIRST_PASS_REWORK,"Current disposition reports worked feedback, but the prior critique remains a useful specification for stronger first teaching.","Residue classes and well-defined addition are introduced, but equivalence relations and the multiplication check are assumed rather than developed.","Show representatives on the integer line, prove the equivalence relation, and verify both addition and multiplication using changed representatives. Keep additive group structure distinct from ring structure.",Prove that [a][b]=[ab] does not depend on representatives.,Dynamic residue partition on the integer line and quotient-operation consistency test.,MH2220,E2-groups-foundations,M,guided-content-delivered; laboratory gate pending,Issue #32; lib/algebra/guided-lessons.json#mh2220-congruence; tests/guided-content.test.mjs; retained original source/proof status; concept-specific laboratory work remains.
6,Units & totients,mh2220-units,"navTitle exact match: ""Units & totients""",Groups & symmetry,Groups & generators,P1,FIRST_PASS_REWORK,"Current disposition reports worked feedback, but the prior critique remains a useful specification for stronger first teaching.","The gcd criterion is sound, with a useful warning about additive versus multiplicative order. The totient function receives a definition more than an explanation.","Compute inverses by Bézout, derive φ(pᵏ), and explain the coprime product rule through CRT when available. Compare the noncyclic unit group modulo 8 with C₄.",Produce an inverse modulo 15 and explain why a nonzero residue need not be a unit.,"Residue-ring wheel showing units, inverses, zero divisors and Euler-phi counts.",MH2220,E2-groups-foundations,M,pending,
7,Cycles & composition,mh2220-permutations,"navTitle exact match: ""Cycles & composition""",Groups & symmetry,Groups & generators,P1,FIRST_PASS_REWORK,"Current disposition reports worked feedback, but the prior critique remains a useful specification for stronger first teaching.","The disjoint-cycle and order statements are sound, but a novice needs an explicitly traced composition before the formulas become meaningful.","Show one-line notation, cycle notation and a routing diagram simultaneously. Calculate two overlapping permutations in both orders and then derive the lcm rule for disjoint cycles.","Convert representations, multiply with the stated convention and explain precisely why the lcm rule has its hypothesis.","Permutation action on labelled points with synchronized two-line, cycle and matrix forms.",MH2220,E2-groups-foundations,M,pending,
8,Cyclic groups,mh2220-cyclic,"navTitle exact match: ""Cyclic groups""",Groups & symmetry,Groups & generators,P1,FIRST_PASS_REWORK,"Current disposition reports worked feedback, but the prior critique remains a useful specification for stronger first teaching.",Classification and subgroup formulas arrive before the learner has necessarily learned kernels and quotient groups.,First prove the finite/infinite classification by exponents and least positive return time; later revisit it as the first isomorphism theorem. Work out every subgroup of C₁₂ and orders of its elements.,"Derive ord(gᵏ)=n/gcd(n,k) and explain uniqueness of a subgroup of each divisor order.","Generator slider, subgroup lattice and gcd/order relationship explorer.",MH2220,E2-groups-foundations,M,guided lesson and V03 laboratory delivered,Issue #44; lib/algebra/guided-lessons.json; lib/algebra/cayley-words.ts; components/algebra/CayleyRelations.tsx; components/algebra/CyclicSubgroups.tsx; components/algebra/CayleyEmbedding.tsx; tests/cayley-words.test.mjs; tests/browser/cayley-words.spec.mjs. S3 presentation completeness uses a normal-form argument; finite word tables alone do not prove an arbitrary presentation.
9,Permutation matrices,mh2220-permutation-matrices,"navTitle exact match: ""Permutation matrices""",Groups & symmetry,Groups & generators,P0,CORRECTED_RETAIN_GATE,"The current disposition reports the correction, but this audit did not independently recapture the live interaction.","The construction is appropriate, but the prose proof contains missing subscripts in expressions such as Pσ and Pτ. Here notation identifies the actual maps being composed.","Correct every indexed expression. Display a permutation, its matrix columns and the images of basis vectors together; prove the composition identity on a basis.",Compute PσPτ and match it with the matrix of στ under the same convention.,Basis-vector animation with explicit composition convention and live matrix multiplication.,MH2220,E2-groups-foundations,M,pending,
10,Parity,mh2220-alternating,"navTitle exact match: ""Parity""",Groups & symmetry,Groups & generators,P1,FIRST_PASS_REWORK,"Current disposition reports worked feedback, but the prior critique remains a useful specification for stronger first teaching.",The determinant route is valid but silently demands linear-algebra preparation. Parity should not be confused with the order of a permutation.,Either provide a determinant prerequisite or first give a combinatorial proof of sign being well-defined. Derive the sign of a cycle and illustrate an even permutation of even order.,Determine sign from disjoint cycles and prove that the alternating group is a kernel.,Transposition factorization game with invariant parity indicator and impossibility feedback.,MH2220,E2-groups-foundations,M,pending,
11,Lagrange,mh2220-lagrange,"navTitle exact match: ""Lagrange""",Groups & symmetry,Groups & generators,P1,FIRST_PASS_REWORK,"Current disposition reports worked feedback, but the prior critique remains a useful specification for stronger first teaching.",The coset-counting argument is fundamentally sound. The failed converse needs more than a named counterexample.,"Show an actual partition, prove equal coset sizes by a bijection, and justify why A₄ has no subgroup of order 6. Link element-order divisibility without suggesting all divisors occur as subgroup orders.",Reconstruct the counting proof and distinguish a necessary divisibility condition from an existence theorem.,Coset tiling of a finite group plus subgroup-size divisibility and index dashboard.,MH2220,E2-groups-foundations,M,guided-content and foundation laboratory delivered; full concept gate pending,Issue #32 authored teaching; Issue #33; lib/algebra/lab-contracts.json#mh2220-lagrange; tests/foundation-labs.test.mjs; tests/browser/foundation-labs.spec.mjs. Finite foundation experiment verified; final per-concept review and remaining teaching requirements stay open.
12,Euler & Fermat,mh2220-euler-fermat,"navTitle exact match: ""Euler & Fermat""",Groups & symmetry,Groups & generators,P1,FIRST_PASS_REWORK,"Current disposition reports worked feedback, but the prior critique remains a useful specification for stronger first teaching.","These are suitable applications of finite group order, but the exponent formatting and prerequisites need cleaning.",State coprimality at the point of use; derive the prime case from the unit group and then the all-integers version of aᵖ≡a. Include a computation and a noncoprime failure.,Explain why Euler’s exponent cannot be applied to an arbitrary residue.,"Orbit/cyclic-subgroup animation explaining exponent reduction, not only modular arithmetic output.",MH2220,E2-groups-foundations,M,pending,
13,Cayley’s theorem,mh2220-cayley-embedding,"navTitle exact match: ""Cayley’s theorem""",Groups & symmetry,Groups & generators,P1,FIRST_PASS_REWORK,"Current disposition reports worked feedback, but the prior critique remains a useful specification for stronger first teaching.","The left-regular-action proof is a good bridge to actions, but it is too abstract without an explicit embedding.","Build the permutations induced by left multiplication in C₃ or S₃, verify injectivity and composition, and distinguish existence of an embedding from minimal permutation degree.",Construct the embedding for a small group rather than merely quote its existence.,Regular-action embedding that converts each element into a permutation and checks injectivity.,MH2220,E2-groups-foundations,M,guided lesson and V03 laboratory delivered,Issue #44; lib/algebra/guided-lessons.json; lib/algebra/cayley-words.ts; components/algebra/CayleyRelations.tsx; components/algebra/CyclicSubgroups.tsx; components/algebra/CayleyEmbedding.tsx; tests/cayley-words.test.mjs; tests/browser/cayley-words.spec.mjs. S3 presentation completeness uses a normal-form argument; finite word tables alone do not prove an arbitrary presentation.
14,Circle quotient,mh2220-real-circle,"navTitle exact match: ""Circle quotient""",Groups & symmetry,Groups & generators,P2,OPEN_REFERENCE_ONLY,"Reading/reference entry exists, but the current disposition explicitly says the worked example is not developed.","The quotient idea is valuable, but complex exponentials, the circle group and SO(2) create an unannounced prerequisite jump.",Move this after quotient groups and basic complex numbers. Carefully distinguish ℝ/ℤ via exp(2πit) from ℝ/(2πℤ) via rotation angles.,Identify the kernel of each map and explain why the two quotient descriptions are isomorphic.,"Wrap-the-line-to-circle quotient animation with fibers, cosets and well-defined addition.",MH2220,E2-groups-foundations,L,pending,
15,Polygon symmetries,mh2220-dihedral,"navTitle exact match: ""Polygon symmetries""",Groups & symmetry,Geometric symmetry,P1,FIRST_PASS_REWORK,"Current disposition reports worked feedback, but the prior critique remains a useful specification for stronger first teaching.","The normal form, group size and composition convention are handled well. The presentation is still a steep first encounter with symmetry.","Begin with labelled triangle and square motions before introducing ⟨r,s⟩. Animate sr=r⁻¹s, derive the multiplication formula and prove all 2n normal forms are distinct for n≥3.",Translate a chronological sequence of moves into the correctly ordered product and reduce it.,"Geometry-first symmetry animation synchronized with matrices, permutations and group words.",MH2220; Odyssey/cube visual strand,E3-actions-symmetry,M,guided teaching gate delivered; relation animation pending,lib/algebra/guided-lessons.json; lib/algebra/learning-metadata.json; tests/guided-content.test.mjs; tests/progress.test.mjs; issue #46; labelled n-gon normal forms and right-to-left word proof
16,Signed permutations,cube-signed-permutations,"navTitle exact match: ""Signed permutations""",Groups & symmetry,Geometric symmetry,P2,OPEN_REFERENCE_ONLY,"Reading/reference entry exists, but the current disposition explicitly says the worked example is not developed.","The 48-versus-24 distinction and coordinate proof are strong. This should be a destination reached after simpler actions, not unexplained machinery.","Construct one signed permutation matrix from images of the axes, then derive the count and determinant formula. Compare the normal sign-change subgroup with the permutation part.",Recover the signed data from a matrix and explain why every such matrix preserves the cube.,"Concept-specific geometric symmetry model with prediction, invariant readout, counterexample and theorem debrief.",MH2220; Odyssey/cube visual strand,E3-actions-symmetry,L,pending,
17,Words of motions,cube-generator-words,"navTitle exact match: ""Words of motions""",Groups & symmetry,Geometric symmetry,P2,OPEN_REFERENCE_ONLY,"Reading/reference entry exists, but the current disposition explicitly says the worked example is not developed.",The generator argument and rightmost-first convention are mathematically useful. The learner must distinguish the resulting transformation from its chosen word.,"Show an action timeline beside the reverse-ordered matrix product. Explain what the chosen generator alphabet means for “shortest,” and exhibit two different words for the same element.",Verify AB≠BA on a specific vector and explain why listed relations need not be a complete presentation.,"Concept-specific geometric symmetry model with prediction, invariant readout, counterexample and theorem debrief.",MH2220; Odyssey/cube visual strand,E3-actions-symmetry,L,pending,
18,Rotations & diagonals,cube-diagonals-s4,"navTitle exact match: ""Rotations & diagonals""",Groups & symmetry,Geometric symmetry,P2,OPEN_REFERENCE_ONLY,"Reading/reference entry exists, but the current disposition explicitly says the worked example is not developed.","The proof that cube rotations give S₄, while the full group only maps onto S₄, is a particularly good lesson.","Make the kernel proof a visible prerequisite, label the four unoriented diagonals persistently and calculate the generator permutations. Derive bijectivity from injectivity and equal finite orders.",Explain why a spatial quarter-turn has determinant +1 but an odd permutation on the diagonals.,"Geometry-first symmetry animation synchronized with matrices, permutations and group words.",MH2220; Odyssey/cube visual strand,E3-actions-symmetry,L,pending,
19,Orthogonality,orthogonal-metric-orientation,"navTitle exact match: ""Orthogonality""",Groups & symmetry,Geometric symmetry,P1,FIRST_PASS_REWORK,"Current disposition reports worked feedback, but the prior critique remains a useful specification for stronger first teaching.","The text correctly distinguishes metric preservation, orientation and central inversion. The shared lab does not honor every lesson-specific setting.","Prove preservation of inner products directly and compare a plane reflection with −I₃, including their fixed spaces. Synchronize the selected dimension, normal vector and matrix with the explanation.","Distinguish orthogonality, determinant one and preservation of the particular cube.","Geometry-first symmetry animation synchronized with matrices, permutations and group words.",MH2220; Odyssey/cube visual strand,E3-actions-symmetry,M,guided lesson and V09 laboratory delivered,Issue #42; lib/algebra/guided-lessons.json; lib/algebra/lab-contracts.json; tests/orthogonal-geometry.test.mjs; tests/browser/orthogonal-geometry.spec.mjs. General metric and rotation proofs remain in lesson; finite cube matching applies only to the selected solid.
20,Plane rotations,orthogonal-plane,"navTitle exact match: ""Plane rotations""",Groups & symmetry,Geometric symmetry,P0,CORRECTED_RETAIN_GATE,The current source and dedicated regression tests encode the main correction. Pedagogical depth still needs improvement.,"The abstract O(2) description is sound, but the lesson uses reflection diag(1,−1) while the lab reverses the first column, corresponding to diag(−1,1). Several rotation subscripts are malformed.","Use the same reflection F everywhere, or visibly translate conventions. Show both FRθ and RθF and the actual reflection line. Repair Rθ and R−θ notation.","At θ=0, the displayed matrix, fixed line and stated reflection must agree.",Matrix/frame animation showing the fixed reflection line and FRF=R⁻¹ side by side.,MH2220,E3-actions-symmetry,M,guided lesson and V09 laboratory delivered,Issue #42; lib/algebra/guided-lessons.json; lib/algebra/lab-contracts.json; tests/orthogonal-geometry.test.mjs; tests/browser/orthogonal-geometry.spec.mjs. General metric and rotation proofs remain in lesson; finite cube matching applies only to the selected solid.
21,Axis & angle,orthogonal-axis-angle,"navTitle exact match: ""Axis & angle""",Groups & symmetry,Geometric symmetry,P0,CORRECTED_RETAIN_GATE,The current source and dedicated regression tests encode the main correction. Pedagogical depth still needs improvement.,"The Rodrigues formula and endpoint caveats are good. The assigned cyclic lab ignores the requested body-diagonal axis and continuous angle, showing finite z-axis rotations instead.","Supply an actual arbitrary-axis, continuous-angle lab, or relabel the experiment as a restricted illustration. Explain θ=0 and θ=π nonuniqueness and separate cube-preserving angles from general rotations.","Set axis (1,1,1), vary θ continuously, and identify exactly the cube symmetries along that family.",Continuous arbitrary-axis Rodrigues explorer with cube-symmetry angles highlighted separately.,MH2220; Odyssey/cube visual strand,E3-actions-symmetry,M,guided lesson and V09 laboratory delivered,Issue #42; lib/algebra/guided-lessons.json; lib/algebra/lab-contracts.json; tests/orthogonal-geometry.test.mjs; tests/browser/orthogonal-geometry.spec.mjs. General metric and rotation proofs remain in lesson; finite cube matching applies only to the selected solid.
22,Small group orders,mh2220-small-groups,"navTitle exact match: ""Small group orders""",Groups & symmetry,Finite group structure,P1,FIRST_PASS_REWORK,"Current disposition reports worked feedback, but the prior critique remains a useful specification for stronger first teaching.",Classification at small orders is presented too quickly; finding elements of prime orders imports Cauchy before that result is established.,Teach Cauchy or explicitly mark it as a prerequisite. Give a complete order-six argument and explain why the resulting possibilities exhaust the cases. Avoid importing semidirect-product language before defining it.,Classify order-six groups with every existence and normality step justified.,"Concept-specific finite group structure model with prediction, invariant readout, counterexample and theorem debrief.",MH2220,E2-groups-foundations,M,guided teaching gate delivered,lib/algebra/guided-lessons.json; lib/algebra/learning-metadata.json; tests/guided-content.test.mjs; tests/progress.test.mjs; issue #46; Cauchy/index-two/two conjugation actions
23,Commutators,mh2220-commutator,"navTitle exact match: ""Commutators""",Groups & symmetry,Finite group structure,P1,FIRST_PASS_REWORK,"Current disposition reports worked feedback, but the prior critique remains a useful specification for stronger first teaching.","The convention and abelian quotient are useful, but a formula is not yet an explanation of what a commutator measures.",Compare ab with ba and compute commutators in S₃. Prove normality of the generated subgroup and the universal property of abelianization.,Show why every homomorphism to an abelian group kills the commutator subgroup.,"Concept-specific finite group structure model with prediction, invariant readout, counterexample and theorem debrief.",MH2220,E2-groups-foundations,M,pending,
24,Abelian decomposition,mh2220-finite-abelian,"navTitle exact match: ""Abelian decomposition""",Groups & symmetry,Finite group structure,P1,FIRST_PASS_REWORK,"Current disposition reports worked feedback, but the prior critique remains a useful specification for stronger first teaching.",The theorem is substantial; a short assertion about complements does not teach its proof or uniqueness.,"Separate elementary divisors from invariant factors, give a conversion algorithm and examples of nonisomorphic groups of the same order. Supply the key splitting argument or label the theorem imported.",List the abelian groups of a specified order and distinguish them using element orders.,"Concept-specific finite group structure model with prediction, invariant readout, counterexample and theorem debrief.",MH2220,E2-groups-foundations,M,pending,
25,Order eight,mh2220-quaternion,"navTitle exact match: ""Order eight""",Groups & symmetry,Finite group structure,P2,OPEN_REFERENCE_ONLY,"Reading/reference entry exists, but the current disposition explicitly says the worked example is not developed.","The five-group classification and quaternion example are useful, but the proof needs a real case split.","Explain why exponent two forces commutativity, then handle a nonabelian group with an element of order four. Compare D₄ and Q₈ using involutions, subgroup structure and presentations.",Distinguish D₄ from Q₈ without relying on their size or ordinary character table.,"Concept-specific finite group structure model with prediction, invariant readout, counterexample and theorem debrief.",MH2220,E2-groups-foundations,L,pending,
26,Centralizers & normalizers,mh2220-centralizer-normalizer,"navTitle exact match: ""Centralizers & normalizers""",Groups & symmetry,Actions & counting,P1,FIRST_PASS_REWORK,"Current disposition reports worked feedback, but the prior critique remains a useful specification for stronger first teaching.","Three different ideas—centralizing an element, normalizing a subgroup and being central—are densely bundled.","Work one D₄ example of each. Derive N_G(H)/C_G(H) embedding in Aut(H) from the conjugation map, with kernel and image clearly identified.",Produce an element that normalizes a subgroup without centralizing it.,Arithmetic lattice/factorization workbench with norm descent and unit-associate normalization.,MH2220,E3-actions-symmetry,M,pending,
27,Actions,mh2220-actions,"navTitle exact match: ""Actions""",Groups & symmetry,Actions & counting,P1,FIRST_PASS_REWORK,"Current disposition reports worked feedback, but the prior critique remains a useful specification for stronger first teaching.","The action axioms and homomorphism viewpoint are present, but the learner needs the types of G, X and the action map before their notation is useful.","Start with a labelled polygon, list what each group element does to every label, then formalize G×X→X and G→Sym(X). Include a failed action and a nongeometric action.",Verify the action laws and tell the group from the set it acts on.,"Concept-specific actions & counting model with prediction, invariant readout, counterexample and theorem debrief.",MH2220,E3-actions-symmetry,M,guided teaching and foundation laboratory delivered,lib/algebra/guided-lessons.json; lib/algebra/learning-metadata.json; tests/guided-content.test.mjs; tests/progress.test.mjs; issue #46; components/algebra/OrbitWorkbench.tsx; tests/browser/foundation-labs.spec.mjs; labelled triangle and property grid
28,Orbit–stabilizer,mh2220-orbit-stabilizer,"navTitle exact match: ""Orbit–stabilizer""",Groups & symmetry,Actions & counting,P1,FIRST_PASS_REWORK,"Current disposition reports worked feedback, but the prior critique remains a useful specification for stronger first teaching.","The coset-to-orbit proof is sound but deserves a full worked example and explicit well-definedness, injectivity and surjectivity.","Use S₃ on three points first, then the cube. Distinguish a stabilizer element from an orbit point and a G-set bijection from a quotient-group isomorphism.",Prove gGₓ↦gx is a well-defined bijection and compute both sides in a new action.,"Concept-specific actions & counting model with prediction, invariant readout, counterexample and theorem debrief.",MH2220,E3-actions-symmetry,M,guided teaching and foundation laboratory delivered,lib/algebra/guided-lessons.json; lib/algebra/learning-metadata.json; tests/guided-content.test.mjs; tests/progress.test.mjs; issue #46; components/algebra/OrbitWorkbench.tsx; tests/browser/foundation-labs.spec.mjs
29,Conjugacy,mh2220-conjugacy,"navTitle exact match: ""Conjugacy""",Groups & symmetry,Actions & counting,P1,FIRST_PASS_REWORK,"Current disposition reports worked feedback, but the prior critique remains a useful specification for stronger first teaching.","Conjugacy classes, class sizes and the class equation are concentrated into a small space.",First explain conjugation as changing the description of a transformation. Compute every class of S₃ and then derive the class equation and its central contribution.,Find a centralizer and use its index to calculate a conjugacy-class size.,"Concept-specific actions & counting model with prediction, invariant readout, counterexample and theorem debrief.",MH2220,E3-actions-symmetry,M,pending,
30,Burnside’s lemma,mh2220-burnside,"navTitle exact match: ""Burnside’s lemma""",Groups & symmetry,Actions & counting,P1,FIRST_PASS_REWORK,"Current disposition reports worked feedback, but the prior critique remains a useful specification for stronger first teaching.",The double-counting argument is correct. The main teaching risk is confusing fixed underlying objects with fixed configurations.,"Define the action on colorings explicitly, show why a fixed coloring is constant on cycles, and perform one full fixed-point table. Contrast the result with naive division by group order.",Explain why an element fixing no vertices may still fix many colorings.,Fixed-point table and orbit counter with each group element/class shown before the average is taken.,MH2220,E3-actions-symmetry,M,guided lesson and V06 laboratory delivered,Issue #40; lib/algebra/guided-lessons.json; lib/algebra/fixed-colorings.ts; tests/fixed-colorings.test.mjs; tests/browser/fixed-colorings.spec.mjs
31,Necklaces,mh2220-necklaces,"navTitle exact match: ""Necklaces""",Groups & symmetry,Actions & counting,P1,FIRST_PASS_REWORK,"Current disposition reports worked feedback, but the prior critique remains a useful specification for stronger first teaching.","The necklace and bracelet distinctions are valuable, but a numerical total does not reveal the reflection cases.",Work the six-bead binary example from the cycle types. Separate odd/even numbers of beads and the two reflection types for even n. State whether colors may be unused.,"Derive, rather than recall, the fixed-coloring count for each reflection type.",Fixed-point table and orbit counter with each group element/class shown before the average is taken.,MH2220; Odyssey/cube visual strand,E3-actions-symmetry,M,guided lesson and V06 laboratory delivered,Issue #40; lib/algebra/guided-lessons.json; lib/algebra/fixed-colorings.ts; tests/fixed-colorings.test.mjs; tests/browser/fixed-colorings.spec.mjs
32,Cycle index,mh2220-cycle-index,"navTitle exact match: ""Cycle index""",Groups & symmetry,Actions & counting,P1,FIRST_PASS_REWORK,"Current disposition reports worked feedback, but the prior critique remains a useful specification for stronger first teaching.",The present univariate cycle-count identity is useful but does not amount to teaching the full multivariate cycle index or Pólya enumeration.,"Either narrow the lesson title or define Z_G(a₁,…,aₙ), derive the averaging formula, and substitute color inventories. Connect fixed multiplicities to coefficients, not just total colors.","Count colorings with a prescribed inventory, explaining the substitution used.",Fixed-point table and orbit counter with each group element/class shown before the average is taken.,MH2220,E3-actions-symmetry,M,guided lesson and V06 laboratory delivered,Issue #40; lib/algebra/guided-lessons.json; lib/algebra/fixed-colorings.ts; tests/fixed-colorings.test.mjs; tests/browser/fixed-colorings.spec.mjs
33,Solid colorings,mh2220-solid-colorings,"navTitle exact match: ""Solid colorings""",Groups & symmetry,Actions & counting,P1,FIRST_PASS_REWORK,"Current disposition reports worked feedback, but the prior critique remains a useful specification for stronger first teaching.",The tetrahedron and cube-vertex formulas are credible endpoints but need the geometric classification that produces each coefficient.,"Draw each rotation-axis type, count its elements and trace its cycles on the specified feature set. Separate vertices, faces and edges; provide a matching solid rather than an unrelated generic experiment.",Rebuild one coloring polynomial from a class/cycle table.,Fixed-point table and orbit counter with each group element/class shown before the average is taken.,MH2220; Odyssey/cube visual strand,E3-actions-symmetry,M,guided lesson and V06 laboratory delivered,Issue #40; lib/algebra/guided-lessons.json; lib/algebra/fixed-colorings.ts; tests/fixed-colorings.test.mjs; tests/browser/fixed-colorings.spec.mjs
34,Four cube actions,cube-four-actions,"navTitle exact match: ""Four cube actions""",Groups & symmetry,Actions & counting,P1,FIRST_PASS_REWORK,"Current disposition reports worked feedback, but the prior critique remains a useful specification for stronger first teaching.","This is one of the strongest mathematical capsules, especially the diagonal kernel. It is nevertheless too advanced as the default first lesson.","Retain it as a guided synthesis of actions, kernels and representations. Reveal vertices, edges, faces and diagonals one at a time with exact object definitions and synchronized labels.",Explain why −I is invisible on unoriented diagonals but not on vertices.,"Geometry-first symmetry animation synchronized with matrices, permutations and group words.",MH2220,E3-actions-symmetry,M,pending,
35,Fix one object,cube-orbit-stabilizer,"navTitle exact match: ""Fix one object""",Groups & symmetry,Actions & counting,P2,OPEN_REFERENCE_ONLY,"Reading/reference entry exists, but the current disposition explicitly says the worked example is not developed.",The stabilizer orders are correct; numbers alone do not explain the remaining freedom.,"List the actual stabilizer motions of a selected vertex, edge, face and diagonal. Distinguish setwise preservation from fixing all constituent points, then recover 24 and 48 by orbit–stabilizer.",Identify which stabilizer motions exchange the endpoints of an edge or diagonal.,"Concept-specific actions & counting model with prediction, invariant readout, counterexample and theorem debrief.",MH2220,E3-actions-symmetry,L,pending,
36,Faithful & transitive,actions-faithful-transitive,"navTitle exact match: ""Faithful & transitive""",Groups & symmetry,Actions & counting,P1,FIRST_PASS_REWORK,"Current disposition reports worked feedback, but the prior critique remains a useful specification for stronger first teaching.",The independence examples are well chosen. Free and regular actions appear as warnings rather than a developed comparison.,"Add a property grid with faithful, transitive, free and regular, giving examples and counterexamples for the implications. Keep the same group while changing the acted-on set.",Explain why a transitive action with a nontrivial stabilizer can still be faithful.,"Concept-specific actions & counting model with prediction, invariant readout, counterexample and theorem debrief.",MH2220,E3-actions-symmetry,M,guided teaching and foundation laboratory delivered,lib/algebra/guided-lessons.json; lib/algebra/learning-metadata.json; tests/guided-content.test.mjs; tests/progress.test.mjs; issue #46; components/algebra/OrbitWorkbench.tsx; computed property grid
37,Stabilizers & kernels,actions-stabilizer-kernel-core,"navTitle exact match: ""Stabilizers & kernels""",Groups & symmetry,Actions & counting,P1,FIRST_PASS_REWORK,"Current disposition reports worked feedback, but the prior critique remains a useful specification for stronger first teaching.",The core formula and largest-normal-subgroup interpretation are valuable but overlap with the earlier coset-action lesson.,Make this an explicit second-stage lesson rather than an apparently unrelated repetition. Compute several conjugate stabilizers and their intersection in one small group before displaying the general core.,Find a nontrivial stabilizer and a trivial kernel in the same action.,"Concept-specific actions & counting model with prediction, invariant readout, counterexample and theorem debrief.",MH2220,E3-actions-symmetry,M,guided teaching and foundation laboratory delivered,lib/algebra/guided-lessons.json; lib/algebra/learning-metadata.json; tests/guided-content.test.mjs; tests/progress.test.mjs; issue #46; components/algebra/OrbitWorkbench.tsx; nontransitive core/kernel example
38,Act on the group,actions-regular-conjugation,"navTitle exact match: ""Act on the group""",Groups & symmetry,Actions & counting,P0,CORRECTED_RETAIN_GATE,"The current disposition reports the correction, but this audit did not independently recapture the live interaction.","The regular and conjugation actions are described correctly. The prompt asks for a cube quarter-turn and its moving axis, while ConjugationLab offers D₄, Q₈ and C₄ and no cube-axis control.",Either change the prompt to the supported small groups or implement the promised cube comparison. Display the two action formulas side by side with the same chosen elements.,Execute every instruction in the prompt using visible controls.,Same chosen group displayed under regular and conjugation actions with orbit/stabilizer comparison.,MH2220,E3-actions-symmetry,M,foundation laboratory delivered; teaching gate pending,Issue #33; lib/algebra/lab-contracts.json#actions-regular-conjugation; tests/foundation-labs.test.mjs; tests/browser/foundation-labs.spec.mjs. Finite foundation experiment verified; final per-concept review and remaining teaching requirements stay open.
39,Cube colorings,actions-cube-burnside,"navTitle exact match: ""Cube colorings""",Groups & symmetry,Actions & counting,P2,OPEN_REFERENCE_ONLY,"Reading/reference entry exists, but the current disposition explicitly says the worked example is not developed.",The rotational and full-symmetry face-coloring formulas pass independent exact enumeration. The extra symmetry identification is a strong teaching opportunity.,Expose the full cycle-type ledger and show the two three-color rotational orbits merged by an improper symmetry. Explain why the improper elements alone are not a group to average over.,Recover 57 versus 56 three-color face-coloring orbits from the displayed group action.,Fixed-point table and orbit counter with each group element/class shown before the average is taken.,MH2220; Odyssey/cube visual strand,E3-actions-symmetry,L,pending,
40,Cycle structures,actions-cycle-lenses,"navTitle exact match: ""Cycle structures""",Groups & symmetry,Actions & counting,P2,OPEN_REFERENCE_ONLY,"Reading/reference entry exists, but the current disposition explicitly says the worked example is not developed.","The order formula involving the cyclic subgroup and action kernel is sound. It should follow, not replace, concrete cycle tracing.","Trace a quarter-turn through every feature set, then compare central inversion. Derive the kernel-intersection denominator by restricting the action homomorphism to ⟨g⟩.",Explain exactly when observed permutation order is smaller than group-element order.,"Concept-specific actions & counting model with prediction, invariant readout, counterexample and theorem debrief.",MH2220,E3-actions-symmetry,L,pending,
41,Primitive actions,actions-primitive,"navTitle exact match: ""Primitive actions""",Groups & symmetry,Actions & counting,P0,CORRECTED_RETAIN_GATE,The current source and dedicated regression tests encode the main correction. Pedagogical depth still needs improvement.,"The block correspondence is valuable, but primitive ⇔ maximal point stabilizer needs a nontrivial-degree convention. Under the displayed definition, a singleton action has only trivial blocks but Gₓ=G is not a proper maximal subgroup.","Require at least two points, or explicitly exclude degree-one actions from “primitive.” Work the opposite-pair block system of the square and identify its setwise stabilizer.",Prove the block/intermediate-subgroup correspondence with the boundary cases specified.,Block-system detector with degree-one boundary case and square opposite-pair example.,MH2220,E3-actions-symmetry,M,pending,
42,Frobenius groups,actions-frobenius,"navTitle exact match: ""Frobenius groups""",Groups & symmetry,Actions & counting,P2,PARTIAL_ADVANCED,"Advanced material has a worked illustration or proof roadmap, but remains compressed and source-dependent.",The distinction between counting derangements and proving closure is excellent. The displayed proof remains an outline of a substantial character argument.,Label the Frobenius kernel theorem as imported until the induced-character construction is actually supplied. State whether regular actions are allowed by convention. Develop the affine-field example fully.,Verify the fixed-point condition and identify the kernel and complement in AGL₁(𝔽₅).,"Concept-specific actions & counting model with prediction, invariant readout, counterexample and theorem debrief.",MH2220; Odyssey Y1,E3-actions-symmetry,M,pending,
43,Sylow existence,mh2220-sylow-existence,"navTitle exact match: ""Sylow existence""",Groups & symmetry,Local & normal structure,P1,FIRST_PASS_REWORK,"Current disposition reports worked feedback, but the prior critique remains a useful specification for stronger first teaching.",Existence is not adequately taught by an induction summary that suppresses its key cases and imports Cauchy.,"Add Cauchy, then choose one complete proof with each induction case exposed. Visualize the action used in that proof rather than only displaying possible p-subgroups.",Explain where finiteness and the maximal power of p are used.,"Constraint solver for n_p ≡ 1 (mod p), n_p | |G|/p^a, linked to conjugation orbits and subgroup examples.",MH2220; Odyssey Y1,E5-advanced-groups,M,guided teaching and V07 laboratory delivered,lib/algebra/guided-lessons.json; lib/algebra/learning-metadata.json; tests/guided-content.test.mjs; tests/progress.test.mjs; issue #46; lib/algebra/sylow-workbench.ts; tests/sylow-workbench.test.mjs; tests/browser/sylow-workbench.spec.mjs
44,Sylow conjugacy,mh2220-sylow-conjugacy,"navTitle exact match: ""Sylow conjugacy""",Groups & symmetry,Local & normal structure,P1,FIRST_PASS_REWORK,"Current disposition reports worked feedback, but the prior critique remains a useful specification for stronger first teaching.",The fixed-point argument on cosets is a good proof idea. The orbit-size arithmetic deserves explicit explanation.,Derive that p-group orbit sizes are powers of p and explain why an action on a set of size prime to p has a fixed point. Translate that fixed coset into containment and conjugacy.,Reconstruct the proof from the action on G/P without memorizing the conclusion.,"Constraint solver for n_p ≡ 1 (mod p), n_p | |G|/p^a, linked to conjugation orbits and subgroup examples.",MH2220; Odyssey Y1,E5-advanced-groups,M,guided teaching and V07 laboratory delivered,lib/algebra/guided-lessons.json; lib/algebra/learning-metadata.json; tests/guided-content.test.mjs; tests/progress.test.mjs; issue #46; lib/algebra/sylow-workbench.ts; distinct P/Q fixed-coset witness
45,Sylow counts,mh2220-sylow-counts,"navTitle exact match: ""Sylow counts""",Groups & symmetry,Local & normal structure,P1,FIRST_PASS_REWORK,"Current disposition reports worked feedback, but the prior critique remains a useful specification for stronger first teaching.","The congruence and divisibility restrictions are useful, but they are necessary conditions, not an existence algorithm for arbitrary group orders.",Prove the normalizer formula and the unique fixed-Sylow step in the conjugation argument. Include a case where arithmetic leaves several possibilities and a further group argument is required.,Distinguish an admissible arithmetic count from a realized Sylow configuration.,"Constraint solver for n_p ≡ 1 (mod p), n_p | |G|/p^a, linked to conjugation orbits and subgroup examples.",MH2220; Odyssey Y1,E5-advanced-groups,M,guided teaching and V07 laboratory delivered,lib/algebra/guided-lessons.json; lib/algebra/learning-metadata.json; tests/guided-content.test.mjs; tests/progress.test.mjs; issue #46; lib/algebra/sylow-workbench.ts; normalizer and arithmetic failure state
46,Composition factors,mh2220-simple-composition,"navTitle exact match: ""Composition factors""",Groups & symmetry,Local & normal structure,P2,OPEN_REFERENCE_ONLY,"Reading/reference entry exists, but the current disposition explicitly says the worked example is not developed.",The site honestly marks Jordan–Hölder as unproved. Preserve that honesty rather than turning its statement into a misleading “complete proof” tab.,"Define subnormal, composition and chief series separately. Compute all factors in the S₄ series and explain uniqueness up to order/isomorphism; give the refinement lemma only with prerequisites.",Identify a composition series and distinguish its factors from its subgroups.,Arithmetic lattice/factorization workbench with norm descent and unit-associate normalization.,MH2220; Odyssey Y1,E5-advanced-groups,L,pending,
47,Prime-power groups,mh2220-p-groups,"navTitle exact match: ""Prime-power groups""",Groups & symmetry,Local & normal structure,P1,FIRST_PASS_REWORK,"Current disposition reports worked feedback, but the prior critique remains a useful specification for stronger first teaching.",The center argument is accessible; the additional normalizer and Frattini material is much more compressed.,"Make nontrivial center a complete class-equation proof. Use induction on central quotients for nilpotence, and split the normalizer condition and Frattini quotient into follow-on lessons.",Explain why a finite p-group has nontrivial center but need not be abelian.,"Constraint solver for n_p ≡ 1 (mod p), n_p | |G|/p^a, linked to conjugation orbits and subgroup examples.",MH2220; Odyssey Y1,E5-advanced-groups,M,pending,
48,Hall subgroups & complements,group-complements,"navTitle exact match: ""Hall subgroups & complements""",Groups & symmetry,Local & normal structure,P2,PARTIAL_ADVANCED,"Advanced material has a worked illustration or proof roadmap, but remains compressed and source-dependent.",Schur–Zassenhaus is a major theorem; the current proof invokes cocycles and averaging without teaching the reduction.,"Keep the S₃ versus C₄ split/nonsplit example. Put definitions of extensions, sections and complements first; label the general theorem imported or supply the full induction. Separate existence from conjugacy hypotheses.",Show explicitly why the order-two subgroup of C₄ has no complement.,"Concept-specific local & normal structure model with prediction, invariant readout, counterexample and theorem debrief.",MH2220; Odyssey Y1,E5-advanced-groups,M,pending,
49,Solvable groups,group-solvable,"navTitle exact match: ""Solvable groups""",Groups & symmetry,Local & normal structure,P2,PARTIAL_ADVANCED,"Advanced material has a worked illustration or proof roadmap, but remains compressed and source-dependent.","Derived series, composition factors, Hall subgroups and affine primitive groups are too much for one short lesson.","Teach the derived series with explicit commutator calculations in S₃ and S₄. Separate Hall’s theorem and solvable primitive groups. Clarify that each relevant subgroup is contained in some Hall subgroup, not necessarily one fixed Hall subgroup.",Prove closure under extensions and distinguish solvable from nilpotent.,"Concept-specific local & normal structure model with prediction, invariant readout, counterexample and theorem debrief.",MH2220; Odyssey Y1,E5-advanced-groups,M,pending,
50,Nilpotence & Frattini,group-nilpotent,"navTitle exact match: ""Nilpotence & Frattini""",Groups & symmetry,Local & normal structure,P2,PARTIAL_ADVANCED,"Advanced material has a worked illustration or proof roadmap, but remains compressed and source-dependent.","Central-series equivalences are substantial, and Φ(P) needs a definition before its quotient is displayed.","Separate upper/lower central series, finite Sylow characterizations, Frattini’s generator theorem and the Fitting subgroup. Compute Q₈’s two series and prove the generator-lifting statement for P/Φ(P).",Distinguish derived length from nilpotency class and use the Frattini quotient to test generators.,"Concept-specific local & normal structure model with prediction, invariant readout, counterexample and theorem debrief.",MH2220; Odyssey Y1,E5-advanced-groups,M,pending,
51,Burnside’s solvability theorem,characters-burnside,"navTitle exact match: ""Burnside’s solvability theorem""",Groups & symmetry,Local & normal structure,P0,CORRECTED_RETAIN_GATE,The current source and dedicated regression tests encode the main correction. Pedagogical depth still needs improvement.,The two-prime theorem is assigned machine “coloring”; the renderer therefore opens the necklace/bracelet lab. This contradicts the lesson’s own warning not to confuse the two Burnside results. “Scalar kernel” also needs precise terminology.,Replace the lab with the class-size/centralizer argument. Define the scalar preimage separately from an ordinary representation kernel. Supply the character-arithmetic lemma or mark the proof as a roadmap.,No necklace controls appear; a reader can follow why a Sylow-central element produces a prime-power class size.,Class-size/centralizer dependency map; never reuse the necklace-counting lab.,MH2220; Odyssey Y1,E5-advanced-groups,M,pending,
52,Finite matrices,mh2220-finite-matrices,"navTitle exact match: ""Finite matrices""",Groups & symmetry,Linear & projective groups,P1,FIRST_PASS_REWORK,"Current disposition reports worked feedback, but the prior critique remains a useful specification for stronger first teaching.","Counting independent columns and identifying an upper-unitriangular Sylow subgroup are good connections, but require finite-field linear algebra first.","Begin with GL₂(𝔽₂), visibly exclude dependent columns and then generalize the count. Show triangular p-subgroups explicitly and identify the exact action used in the embedding argument.",Count GL₂(𝔽₃) by independent columns and identify its p-part.,"Concept-specific linear & projective groups model with prediction, invariant readout, counterexample and theorem debrief.",MH2220; Odyssey Y1,E5-advanced-groups,M,pending,
53,General linear groups,odyssey-linear-groups,"navTitle exact match: ""General linear groups""",Groups & symmetry,Linear & projective groups,P1,FIRST_PASS_REWORK,"Current disposition reports worked feedback, but the prior critique remains a useful specification for stronger first teaching.",The determinant map and GL/SL distinction are sound. Geometric volume intuition should remain explicitly restricted to real matrices.,"Add a shear, a scaling, a rotation and a singular map; state what each preserves. Prove surjectivity of determinant and connect its kernel to the first isomorphism theorem.",Exhibit an SL matrix that is not orthogonal and explain the quotient by SL.,"Concept-specific linear & projective groups model with prediction, invariant readout, counterexample and theorem debrief.",MH2220; Odyssey Y1,E5-advanced-groups,M,pending,
54,Flags,odyssey-flags,"navTitle exact match: ""Flags""",Groups & symmetry,Linear & projective groups,P2,OPEN_REFERENCE_ONLY,"Reading/reference entry exists, but the current disposition explicitly says the worked example is not developed.","The column-vector convention and warning that GL/B is a G-set, not usually a quotient group, are strong. Borel, parabolic, Levi and Kolchin material is overcompressed in further reading.","Build a nonstandard flag and an adapted basis. Derive the forced zero entries. Split partial flags, block stabilizers and unipotent triangularization into their own advanced sequence.",Determine the stabilizer shape of a specified partial flag.,Interactive nested-subspace flag with stabilizer/parabolic matrix-pattern overlay.,MH2220; Odyssey Y1,E5-advanced-groups,L,pending,
55,Bruhat decomposition,linear-bruhat,"navTitle exact match: ""Bruhat decomposition""",Groups & symmetry,Linear & projective groups,P2,PARTIAL_ADVANCED,"Advanced material has a worked illustration or proof roadmap, but remains compressed and source-dependent.","The two-cell counting example is not yet a worked triangular factorization, and uniqueness is hidden behind “appropriate ranks.”","Factor concrete 2×2 matrices into b₁wb₂, state the rank invariants explicitly and connect them to two flags. Only then extend to arbitrary n and cell counting.","Decide the 2×2 cell and exhibit valid triangular factors, not just its cardinality.",Matrix elimination path into BWB cells with permutation labels and cell dimensions.,MH2220; Odyssey Y1,E5-advanced-groups,M,pending,
56,Projective special linear groups,linear-projective,"navTitle exact match: ""Projective special linear groups""",Groups & symmetry,Linear & projective groups,P2,PARTIAL_ADVANCED,"Advanced material has a worked illustration or proof roadmap, but remains compressed and source-dependent.","The order formula is useful, but simplicity relies on primitivity, transvections, generation and perfectness that are only summarized.","Separate projective points, scalar kernels, the finite order calculation and the simplicity theorem. Explain the two exceptions and provide a real argument for PSL₂(𝔽₅)≅A₅ rather than infer it from order alone.",Compute the quotient order and state exactly which earlier theorems support simplicity.,"Concept-specific linear & projective groups model with prediction, invariant readout, counterexample and theorem debrief.",MH2220; Odyssey Y1,E5-advanced-groups,M,pending,
57,Homomorphisms,mh2220-homomorphism,"navTitle exact match: ""Homomorphisms""",Maps & quotients,Kernels & isomorphisms,P1,FIRST_PASS_REWORK,"Current disposition reports worked feedback, but the prior critique remains a useful specification for stronger first teaching.","The map, kernel and image are present, but their roles need one continuous example. The multiplicative codomain notation includes malformed F× text.","Use reduction ℤ→ℤ/nℤ and a non-surjective inclusion to distinguish image from codomain. Prove preservation of identity and inverse, then describe fibers as cosets of the kernel. Repair superscripts.","Given an explicit map, verify the law and determine its kernel, image and fibers.","Commutative-diagram lab with draggable elements, kernel/image fibers and well-definedness checks.",MH2220,E2-maps-quotients,M,guided-content-delivered; laboratory gate pending,Issue #32; lib/algebra/guided-lessons.json#mh2220-homomorphism; tests/guided-content.test.mjs; retained original source/proof status; concept-specific laboratory work remains.
58,Isomorphisms,mh2220-isomorphism,"navTitle exact match: ""Isomorphisms""",Maps & quotients,Kernels & isomorphisms,P1,FIRST_PASS_REWORK,"Current disposition reports worked feedback, but the prior critique remains a useful specification for stronger first teaching.","Bijective homomorphisms and structural sameness are stated, but learners need to construct a map rather than compare appearances.",Prove the inverse of a bijective homomorphism is a homomorphism. Compare a successful isomorphism with groups of equal size that differ in element orders. State that matching a few invariants is not a proof of isomorphism.,"Give an explicit isomorphism and separately verify homomorphism, injectivity and surjectivity.","Commutative-diagram lab with draggable elements, kernel/image fibers and well-definedness checks.",MH2220,E2-maps-quotients,M,guided-content-delivered; laboratory gate pending,Issue #32; lib/algebra/guided-lessons.json#mh2220-isomorphism; tests/guided-content.test.mjs; retained original source/proof status; concept-specific laboratory work remains.
59,First isomorphism theorem,mh2220-first-isomorphism,"navTitle exact match: ""First isomorphism theorem""",Maps & quotients,Kernels & isomorphisms,P1,FIRST_PASS_REWORK,"Current disposition reports worked feedback, but the prior critique remains a useful specification for stronger first teaching.","The fiber idea is right. The proof should make the induced map, its domain and every verification visible together.","Work ℤ→ℤ/6ℤ and a genuinely non-surjective map. Display the factorization diagram and expand well-definedness, homomorphism, injectivity and surjectivity as four separate steps.",Prove G/ker φ≅im φ without replacing the image by an unjustified larger codomain.,"Commutative-diagram lab with draggable elements, kernel/image fibers and well-definedness checks.",MH2220,E2-maps-quotients,M,guided-content-delivered; laboratory gate pending,Issue #32; lib/algebra/guided-lessons.json#mh2220-first-isomorphism; tests/guided-content.test.mjs; retained original source/proof status; concept-specific laboratory work remains.
60,Second isomorphism theorem,mh2220-second-isomorphism,"navTitle exact match: ""Second isomorphism theorem""",Maps & quotients,Kernels & isomorphisms,P1,FIRST_PASS_REWORK,"Current disposition reports worked feedback, but the prior critique remains a useful specification for stronger first teaching.","The statement is useful, but inconsistent letters between statement and prompt make an already subtle quotient harder to track.","Use one notation throughout. Identify the restriction H→HN/N, calculate its kernel H∩N and invoke the first theorem. Show one concrete nontrivial example with all subgroup orders.","State why HN is a subgroup, why the needed normality holds and where the isomorphism sends a coset.","Commutative-diagram lab with draggable elements, kernel/image fibers and well-definedness checks.",MH2220,E2-maps-quotients,M,guided-content-delivered; laboratory gate pending,Issue #32; lib/algebra/guided-lessons.json#mh2220-second-isomorphism; tests/guided-content.test.mjs; retained original source/proof status; concept-specific laboratory work remains.
61,Third isomorphism theorem,mh2220-third-isomorphism,"navTitle exact match: ""Third isomorphism theorem""",Maps & quotients,Kernels & isomorphisms,P1,FIRST_PASS_REWORK,"Current disposition reports worked feedback, but the prior critique remains a useful specification for stronger first teaching.","Nested quotients are compressed, and names in the experiment do not consistently match the displayed statement.","Use N≤M◁G with both subgroups normal as required, then explicitly map gN to gM. Work a two-stage quotient of a finite cyclic group and show representative independence.",Explain what an element of (G/N)/(M/N) is and why it corresponds to one G/M coset.,"Commutative-diagram lab with draggable elements, kernel/image fibers and well-definedness checks.",MH2220,E2-maps-quotients,M,guided-content-delivered; laboratory gate pending,Issue #32; lib/algebra/guided-lessons.json#mh2220-third-isomorphism; tests/guided-content.test.mjs; retained original source/proof status; concept-specific laboratory work remains.
62,Correspondence,mh2220-correspondence,"navTitle exact match: ""Correspondence""",Maps & quotients,Kernels & isomorphisms,P1,FIRST_PASS_REWORK,"Current disposition reports worked feedback, but the prior critique remains a useful specification for stronger first teaching.",The lattice bijection is important but needs an example where taking inverse images actually does work.,"Draw subgroups above a fixed normal N alongside subgroups of G/N, label the two inverse operations and prove inclusion and normality preservation. Explain what happens to subgroups not containing N.",Reconstruct the subgroup lattice of a quotient from the interval above its kernel.,Partition/fiber view synchronized with the quotient operation and the relevant commuting map.,MH2220,E2-maps-quotients,M,guided-content-delivered; laboratory gate pending,Issue #32; lib/algebra/guided-lessons.json#mh2220-correspondence; tests/guided-content.test.mjs; retained original source/proof status; concept-specific laboratory work remains.
63,Ring maps,m3220-ring-hom,"navTitle exact match: ""Ring maps""",Maps & quotients,Kernels & isomorphisms,P1,FIRST_PASS_REWORK,"Current disposition reports worked feedback, but the prior critique remains a useful specification for stronger first teaching.","The site deliberately allows nonunital ring conventions. That is defensible, but the learner must not silently import the unital convention from elsewhere.",Display a convention badge and compare a ring map preserving 1 with one that does not. Prove the kernel is a two-sided ideal and the image is a subring; use evaluation and reduction maps.,Check exactly which axioms a proposed ring homomorphism preserves under the stated convention.,"Commutative-diagram lab with draggable elements, kernel/image fibers and well-definedness checks.",MH2220,E2-maps-quotients,M,guided teaching gate delivered; lesson-specific laboratory pending,"Issue #49; lib/algebra/guided-lessons.json; lib/algebra/learning-metadata.json; tests/guided-content.test.mjs; tests/progress.test.mjs; unital and nonunital maps, kernel/image"
64,Ring isomorphisms,m3220-first-ring-isomorphism,"navTitle exact match: ""Ring isomorphisms""",Maps & quotients,Kernels & isomorphisms,P1,FIRST_PASS_REWORK,"Current disposition reports worked feedback, but the prior critique remains a useful specification for stronger first teaching.","Factorization through a quotient and the first ring isomorphism theorem are present, but too compressed for independent use.","Work an evaluation map and its kernel. Keep descent through an ideal, the induced map and the resulting image isomorphism as distinct claims with separate verification.",Construct R/I→S when I⊆ker φ and explain when this induced map is injective or surjective.,"Commutative-diagram lab with draggable elements, kernel/image fibers and well-definedness checks.",MH2220,E2-maps-quotients,M,guided teaching gate delivered; lesson-specific laboratory pending,"Issue #49; lib/algebra/guided-lessons.json; lib/algebra/learning-metadata.json; tests/guided-content.test.mjs; tests/progress.test.mjs; induced map kernel, image and exact injectivity/surjectivity conditions"
65,Ring correspondence,m3220-ring-correspondence,"navTitle exact match: ""Ring correspondence""",Maps & quotients,Kernels & isomorphisms,P1,FIRST_PASS_REWORK,"Current disposition reports worked feedback, but the prior critique remains a useful specification for stronger first teaching.",Correspondence and the second and third ring isomorphism theorems are bundled into one capsule without enough worked arithmetic.,"Separate the results into clearly labelled subsections or lessons. Match ideals above I to ideals of R/I and work examples in ℤ and F[X], including prime/maximal preservation.",Lift an ideal from a quotient and apply the correct isomorphism theorem rather than match a memorized pattern.,Partition/fiber view synchronized with the quotient operation and the relevant commuting map.,MH2220,E2-maps-quotients,M,pending,
66,Linear isomorphism theorem,linear-quotient,"navTitle exact match: ""Linear isomorphism theorem""",Maps & quotients,Kernels & isomorphisms,P1,FIRST_PASS_REWORK,"Current disposition reports worked feedback, but the prior critique remains a useful specification for stronger first teaching.",This is a good concrete bridge: finite-field fibers make the quotient visible. It deserves to occur earlier in the module route.,"Add a real rank-one geometric example and an adapted-basis calculation. Derive rank–nullity in finite dimension, explicitly distinguishing the image from the codomain.",Build a basis of V/ker T and identify its image under the induced isomorphism.,"Commutative-diagram lab with draggable elements, kernel/image fibers and well-definedness checks.",MH2220,E2-maps-quotients,M,pending,
67,Cosets,mh2220-cosets,"navTitle exact match: ""Cosets""",Maps & quotients,Quotients & equivalence,P1,FIRST_PASS_REWORK,"Current disposition reports worked feedback, but the prior critique remains a useful specification for stronger first teaching.","Left/right cosets are defined, but students need a failed-normality example and an explanation of why cosets partition rather than overlap arbitrarily.","List the cosets of an order-two subgroup in S₃. Prove the equality/disjointness criterion, compare left and right cosets and keep cosets distinct from conjugacy classes.",Determine whether two representatives name the same coset and justify equal coset sizes.,Partition/fiber view synchronized with the quotient operation and the relevant commuting map.,MH2220,E2-maps-quotients,M,guided-content and foundation laboratory delivered; full concept gate pending,Issue #32 authored teaching; Issue #33; lib/algebra/lab-contracts.json#mh2220-cosets; tests/foundation-labs.test.mjs; tests/browser/foundation-labs.spec.mjs. Finite foundation experiment verified; final per-concept review and remaining teaching requirements stay open.
68,Normality,mh2220-normal,"navTitle exact match: ""Normality""",Maps & quotients,Quotients & equivalence,P1,FIRST_PASS_REWORK,"Current disposition reports worked feedback, but the prior critique remains a useful specification for stronger first teaching.",The distinction between normal and central is important and largely correct. Several equivalent tests need one unifying example.,"Show how conjugation moves a subgroup and why normality means it returns as a set, not that its elements are fixed. Use A₃ and a transposition subgroup of S₃. Repair malformed quotient/set notation.",Exhibit a normal subgroup that is not central and a subgroup that is not normal.,Arithmetic lattice/factorization workbench with norm descent and unit-associate normalization.,MH2220,E2-maps-quotients,M,guided-content and foundation laboratory delivered; full concept gate pending,Issue #32 authored teaching; Issue #33; lib/algebra/lab-contracts.json#mh2220-normal; tests/foundation-labs.test.mjs; tests/browser/foundation-labs.spec.mjs. Finite foundation experiment verified; final per-concept review and remaining teaching requirements stay open.
69,Quotient groups,mh2220-quotient,"navTitle exact match: ""Quotient groups""",Maps & quotients,Quotients & equivalence,P1,FIRST_PASS_REWORK,"Current disposition reports worked feedback, but the prior critique remains a useful specification for stronger first teaching.","Well-defined multiplication is addressed, but it is the central reason normality is needed and should not be a quick formal aside.","Compare a valid quotient with the attempted product of cosets of a nonnormal S₃ subgroup, using two representatives to produce incompatible outputs. Then derive the quotient law in full.",Explain why quotienting is not deleting elements and why arbitrary coset spaces are not quotient groups.,Partition/fiber view synchronized with the quotient operation and the relevant commuting map.,MH2220,E2-maps-quotients,M,guided-content and foundation laboratory delivered; full concept gate pending,Issue #32 authored teaching; Issue #33; lib/algebra/lab-contracts.json#mh2220-quotient; tests/foundation-labs.test.mjs; tests/browser/foundation-labs.spec.mjs. Finite foundation experiment verified; final per-concept review and remaining teaching requirements stay open.
70,Automorphisms,mh2220-automorphism,"navTitle exact match: ""Automorphisms""",Maps & quotients,Quotients & equivalence,P2,OPEN_REFERENCE_ONLY,"Reading/reference entry exists, but the current disposition explicitly says the worked example is not developed.","Aut, Inn and the center appear together, with characteristic subgroups introduced deeper down. The constructions need separation.",Compute Aut(Cₙ) from generator images and Aut(V₄) from its three nonzero elements. Derive Inn(G)≅G/Z(G). Give an example showing normal need not mean characteristic.,Specify an automorphism by its effect on generators and check that all defining relations are preserved.,"Concept-specific quotients & equivalence model with prediction, invariant readout, counterexample and theorem debrief.",MH2220,E2-maps-quotients,L,pending,
71,Semidirect products,mh2220-semidirect,"navTitle exact match: ""Semidirect products""",Maps & quotients,Quotients & equivalence,P1,FIRST_PASS_REWORK,"Current disposition reports worked feedback, but the prior critique remains a useful specification for stronger first teaching.",The multiplication law is correct but too abstract without seeing the action that twists it.,"Build S₃ from C₃ and C₂ with inversion, compare the trivial action giving C₆, and prove the group law from the action homomorphism. Add the internal splitting criterion and a nonsplit example.",Recover the action and multiplication from a stated normal subgroup and complement.,"Product/extension constructor with multiplication law, action compatibility and subgroup structure views.",MH2220,E2-maps-quotients,M,pending,
72,Coset actions,mh2220-coset-action,"navTitle exact match: ""Coset actions""",Maps & quotients,Quotients & equivalence,P1,FIRST_PASS_REWORK,"Current disposition reports worked feedback, but the prior critique remains a useful specification for stronger first teaching.",The core calculation is sound. The learner needs to see why left multiplication remains an action even when H is not normal.,"Use S₃/H explicitly, calculate the action permutations and intersect conjugates of H. Contrast the coset action with the existence of a quotient-group multiplication.",Compute the action kernel and explain the factorial-index consequence.,Partition/fiber view synchronized with the quotient operation and the relevant commuting map.,MH2220,E2-maps-quotients,M,pending,
73,Double cosets,mh2220-double-cosets,"navTitle exact match: ""Double cosets""",Maps & quotients,Quotients & equivalence,P2,OPEN_REFERENCE_ONLY,"Reading/reference entry exists, but the current disposition explicitly says the worked example is not developed.",The size formula has real explanatory power but is currently presented before enough concrete partitioning.,"Enumerate H\\G/K for a small example, explain the H-action on G/K and derive the stabilizer H∩gKg⁻¹. Show that double cosets need not all have the same size.",Compute both a double coset and its cardinality from the intersection formula.,Partition/fiber view synchronized with the quotient operation and the relevant commuting map.,MH2220,E2-maps-quotients,L,pending,
74,Quotient rings,m3220-quotient-ring,"navTitle exact match: ""Quotient rings""",Maps & quotients,Quotients & equivalence,P1,FIRST_PASS_REWORK,"Current disposition reports worked feedback, but the prior critique remains a useful specification for stronger first teaching.","The well-definedness mechanism is correct. The text alternates between ℤ[X]→ℤ[i] and ℝ[X]→ℂ, which are parallel examples but not the same proof instance.","Keep the coefficient ring fixed through each worked example. Derive why an ideal, not an arbitrary additive subgroup or subring, makes multiplication descend.",Prove the evaluation kernel in one quadratic quotient and explain why representatives multiply consistently.,Partition/fiber view synchronized with the quotient operation and the relevant commuting map.,MH2220,E2-maps-quotients,M,guided teaching and V10 laboratory delivered,Issue #49; lib/algebra/guided-lessons.json; lib/algebra/learning-metadata.json; tests/guided-content.test.mjs; tests/progress.test.mjs; lib/algebra/ideal-quotients.ts; components/algebra/IdealQuotientLattice.tsx; tests/ideal-quotients.test.mjs; tests/browser/ideal-quotients.spec.mjs; representative-independence failure and quadratic quotient
75,Direct products,mh2220-direct-product,"navTitle exact match: ""Direct products""",Maps & quotients,Products & coordinates,P1,FIRST_PASS_REWORK,"Current disposition reports worked feedback, but the prior critique remains a useful specification for stronger first teaching.","External products, element-order lcm and the internal product criterion are compressed together.","Separate pairwise operations from an internal product map H×K→G. Verify commuting factors, trivial intersection and generation. Compare C₂×C₂ with C₄ and direct with semidirect products.",Decide whether two subgroups really realize an internal direct product.,"Product/extension constructor with multiplication law, action compatibility and subgroup structure views.",MH2220,E2-maps-quotients,M,pending,
76,Chinese remainders,m3220-crt,"navTitle exact match: ""Chinese remainders""",Maps & quotients,Products & coordinates,P1,FIRST_PASS_REWORK,"Current disposition reports worked feedback, but the prior critique remains a useful specification for stronger first teaching.","The coprime theorem is right, but a learner needs the reconstruction map, not just the forward residues.",Explicitly reconstruct a residue modulo 12 from residues modulo 3 and 4; calculate the associated idempotents. Then show how noncoprime moduli impose compatibility rather than arbitrary independent coordinates.,"Solve and explain a CRT reconstruction, including why uniqueness has the stated modulus.","Concept-specific products & coordinates model with prediction, invariant readout, counterexample and theorem debrief.",MH2220,E2-maps-quotients,M,pending,
77,Rotation & inversion,cube-direct-product,"navTitle exact match: ""Rotation & inversion""",Maps & quotients,Products & coordinates,P2,OPEN_REFERENCE_ONLY,"Reading/reference entry exists, but the current disposition explicitly says the worked example is not developed.",The decomposition of the full cube group as S₄×C₂ is correct and stronger than a mere count of two halves.,"Make the centrality, trivial intersection and uniqueness steps visibly parallel to the internal direct-product theorem. Contrast determinant with the sign of the diagonal permutation.",Recover both coordinates of a full cube symmetry and explain why they are independent.,"Geometry-first symmetry animation synchronized with matrices, permutations and group words.",MH2220,E2-maps-quotients,L,pending,
78,Extensions & cocycles,group-extensions,"navTitle exact match: ""Extensions & cocycles""",Maps & quotients,Products & coordinates,P2,PARTIAL_ADVANCED,"Advanced material has a worked illustration or proof roadmap, but remains compressed and source-dependent.","The carry example is good, but exact sequences, sections, actions and cohomology notation are too much to introduce at once.","Begin with C₄→C₂ and its chosen representatives. Derive the cocycle identity by associativity, define Z² and B², and state the fixed-action/equivalence data for H² classification. Treat nonabelian factor pairs and H¹ separately.",Compute the carry cocycle and explain why changing a section need not change the extension class.,"Product/extension constructor with multiplication law, action compatibility and subgroup structure views.",MH2220,E2-maps-quotients,M,pending,
79,Ring axioms,m3220-rings,"navTitle exact match: ""Ring axioms""",Rings & arithmetic,Rings & ideals,P1,FIRST_PASS_REWORK,"Current disposition reports worked feedback, but the prior critique remains a useful specification for stronger first teaching.",The course’s nonunital and potentially noncommutative convention is legitimate. The problem is that later lessons require stronger assumptions without a persistent local reminder.,"Put the active convention beside each definition. Compare ℤ, 2ℤ and M₂(F), and distinguish additive group axioms from multiplicative ones. Explain the zero ring convention where relevant.",Identify which ring assumptions hold in an example before applying a later theorem.,"Concept-specific rings & ideals model with prediction, invariant readout, counterexample and theorem debrief.",MH3220,E4-rings-fields,M,guided teaching gate delivered; lesson-specific laboratory pending,"Issue #49; lib/algebra/guided-lessons.json; lib/algebra/learning-metadata.json; tests/guided-content.test.mjs; tests/progress.test.mjs; nonunital, matrix and zero-ring conventions"
80,Subrings,m3220-subrings,"navTitle exact match: ""Subrings""",Rings & arithmetic,Rings & ideals,P1,FIRST_PASS_REWORK,"Current disposition reports worked feedback, but the prior critique remains a useful specification for stronger first teaching.",Allowing a subring with a different identity is intentional and should not be “corrected” into another convention. It does require careful explanation.,"Work the corner-matrix example and distinguish being a subring, containing the ambient 1 and being an ideal. Compare the course convention with a unital-subring convention in a visible note.",Decide whether an inclusion preserves identity and explain why that question is separate from additive/multiplicative closure.,"Concept-specific rings & ideals model with prediction, invariant readout, counterexample and theorem debrief.",MH3220,E4-rings-fields,M,pending,
81,Units & zero divisors,m3220-units,"navTitle exact match: ""Units & zero divisors""",Rings & arithmetic,Rings & ideals,P1,FIRST_PASS_REWORK,"Current disposition reports worked feedback, but the prior critique remains a useful specification for stronger first teaching.",The basic distinctions are present. A small modular multiplication table cannot stand in for the general noncommutative issues.,"Compare ℤ, ℤ/8ℤ and matrix rings. Distinguish nonzero nonunits from zero divisors and left inverses from two-sided inverses. Give a domain containing nonunits.",Explain why “nonunit” and “zero divisor” are not synonyms.,"Concept-specific rings & ideals model with prediction, invariant readout, counterexample and theorem debrief.",MH3220,E4-rings-fields,M,guided teaching gate delivered; lesson-specific laboratory pending,"Issue #49; lib/algebra/guided-lessons.json; lib/algebra/learning-metadata.json; tests/guided-content.test.mjs; tests/progress.test.mjs; Z, Z/8Z, matrices and one-sided shift boundary"
82,Domains & fields,m3220-domains,"navTitle exact match: ""Domains & fields""",Rings & arithmetic,Rings & ideals,P1,FIRST_PASS_REWORK,"Current disposition reports worked feedback, but the prior critique remains a useful specification for stronger first teaching.",The finite-domain proof by injectivity and surjectivity is a good accessible argument. Its hypotheses should be foregrounded.,Show the multiplication-by-a map and its finite-set logic. Contrast an infinite domain with a field and a noncommutative division ring with a field. Explicitly exclude the zero ring where the definitions require it.,Prove that a finite integral domain is a field and identify the exact use of finiteness.,"Concept-specific rings & ideals model with prediction, invariant readout, counterexample and theorem debrief.",MH3220,E4-rings-fields,M,pending,
83,Ideals,m3220-ideals,"navTitle exact match: ""Ideals""",Rings & arithmetic,Rings & ideals,P1,FIRST_PASS_REWORK,"Current disposition reports worked feedback, but the prior critique remains a useful specification for stronger first teaching.","Two-sided ideals and one-sided matrix examples are useful, but learners need to understand absorption before abstraction.","Work ideals in ℤ and F[X], then compare a matrix left ideal with a two-sided ideal. Prove the matrix-ring two-sided ideal claim with matrix units under the field hypothesis.",Explain why an arbitrary subring does not define a quotient ring.,Ideal/submodule lattice with ascending/descending chains and hypothesis-aware theorem overlays.,MH3220,E4-rings-fields,M,guided teaching and V10 laboratory delivered,Issue #49; lib/algebra/guided-lessons.json; lib/algebra/learning-metadata.json; tests/guided-content.test.mjs; tests/progress.test.mjs; lib/algebra/ideal-quotients.ts; components/algebra/IdealQuotientLattice.tsx; tests/ideal-quotients.test.mjs; tests/browser/ideal-quotients.spec.mjs; matrix-unit proof and ideal correspondence
84,Ideal arithmetic,m3220-ideal-arithmetic,"navTitle exact match: ""Ideal arithmetic""",Rings & arithmetic,Rings & ideals,P1,FIRST_PASS_REWORK,"Current disposition reports worked feedback, but the prior critique remains a useful specification for stronger first teaching.","Sum, intersection and product are distinct operations; the formulas in ℤ are good anchors but need full calculations.","Work (4)+(6), (4)∩(6) and (4)(6). Explain why ideal products are finite sums of products, not just a set of individual products. Prove equality with the intersection in the comaximal case.",Compute all three operations and state when intersection equals product.,Ideal/submodule lattice with ascending/descending chains and hypothesis-aware theorem overlays.,MH3220,E4-rings-fields,M,pending,
85,Maximal ideals,m3220-maximal,"navTitle exact match: ""Maximal ideals""",Rings & arithmetic,Rings & ideals,P1,FIRST_PASS_REWORK,"Current disposition reports worked feedback, but the prior critique remains a useful specification for stronger first teaching.",The commutative-unital quotient-field criterion is a strong foundational proof opportunity. The Zorn argument is a different level of prerequisite.,"Fully prove the quotient criterion first with examples. Put maximal-ideal existence via Zorn in an optional, explicitly prerequisite-labelled proof. State properness at every relevant definition.",Translate maximality into invertibility of every nonzero quotient class.,Ideal/submodule lattice with ascending/descending chains and hypothesis-aware theorem overlays.,MH3220,E4-rings-fields,M,pending,
86,Prime ideals,m3220-prime,"navTitle exact match: ""Prime ideals""",Rings & arithmetic,Rings & ideals,P1,FIRST_PASS_REWORK,"Current disposition reports worked feedback, but the prior critique remains a useful specification for stronger first teaching.",The quotient-domain criterion is valuable. An embedded correction to a source should be tracked as an erratum rather than silently mixed into teaching.,"Prove the criterion using explicit quotient classes, include (0) in a domain and compare prime versus maximal in F[X,Y]. Repair split math delimiters around products of cosets.",Exhibit a prime ideal that is not maximal and explain its quotient.,Ideal/submodule lattice with ascending/descending chains and hypothesis-aware theorem overlays.,MH3220,E4-rings-fields,M,pending,
87,Jacobson radical,m3220-jacobson,"navTitle exact match: ""Jacobson radical""",Rings & arithmetic,Rings & ideals,P1,FIRST_PASS_REWORK,"Current disposition reports worked feedback, but the prior critique remains a useful specification for stronger first teaching.","The unit criterion is useful, but the definition and theorem must carry their commutative-unital hypotheses locally.","Compute J(ℤ/12ℤ), contrast it with J(ℤ), and derive the local-ring nonunit characterization. Distinguish intersection of maximal ideals from intersection of prime ideals.",Test whether an element is in J(R) using the displayed criterion with the correct quantifier.,Ideal/submodule lattice with ascending/descending chains and hypothesis-aware theorem overlays.,MH3220,E4-rings-fields,M,pending,
88,Quadratic integers,m3220-quadratic-integers,"navTitle exact match: ""Quadratic integers""",Rings & arithmetic,Factorisation & divisibility,P2,OPEN_REFERENCE_ONLY,"Reading/reference entry exists, but the current disposition explicitly says the worked example is not developed.","The squarefree and congruence cases are meaningful, but the integral-basis theorem’s converse is only sketched.",Derive the trace/norm integrality restrictions carefully and explain the denominator argument. Compare ℤ[√5] with ℤ[(1+√5)/2]. Keep assumptions on D visible.,Determine the correct integral basis and verify that a proposed element is an algebraic integer.,"Concept-specific factorisation & divisibility model with prediction, invariant readout, counterexample and theorem debrief.",MH3220,E4-rings-fields,L,pending,
89,Norm & trace,m3220-norm-trace,"navTitle exact match: ""Norm & trace""",Rings & arithmetic,Factorisation & divisibility,P2,OPEN_REFERENCE_ONLY,"Reading/reference entry exists, but the current disposition explicitly says the worked example is not developed.","The distinction between positive and indefinite norms is good. The unit criterion should be worked, not merely quoted.","Calculate conjugates, trace, norm and inverses in imaginary and real quadratic examples. Derive multiplicativity and the norm ±1 unit criterion in the stated ring of integers.",Decide whether a quadratic integer is a unit and give its inverse when it is.,Arithmetic lattice/factorization workbench with norm descent and unit-associate normalization.,MH3220,E4-rings-fields,L,pending,
90,Fractions,m3220-fractions,"navTitle exact match: ""Fractions""",Rings & arithmetic,Factorisation & divisibility,P1,FIRST_PASS_REWORK,"Current disposition reports worked feedback, but the prior critique remains a useful specification for stronger first teaching.",The construction deliberately assumes regular denominators. Its equivalence-relation and arithmetic checks deserve explicit treatment.,"Prove transitivity using the non-zero-divisor condition, then show that sum and product are representative-independent. Distinguish the fraction field from a localization at only selected denominators.",Explain precisely why unrestricted cross-multiplication fails as the general definition with zero divisors.,"Concept-specific factorisation & divisibility model with prediction, invariant readout, counterexample and theorem debrief.",MH3220,E4-rings-fields,M,guided lesson and mathematical laboratory delivered,Issue #53; lib/algebra/guided-lessons.json#m3220-fractions; tests/localisation-chains.test.mjs; tests/browser/localisation-chains.spec.mjs
91,Euclidean domains,m3220-euclidean,"navTitle exact match: ""Euclidean domains""",Rings & arithmetic,Factorisation & divisibility,P1,FIRST_PASS_REWORK,"Current disposition reports worked feedback, but the prior critique remains a useful specification for stronger first teaching.","The minimum-value argument and descent are sound, but the experience should connect division, gcd and Bézout in one calculation.","Add the full Euclidean algorithm and back-substitution, with the ideal invariant at each step. Keep the Euclidean function distinct from a discrete valuation.",Compute a gcd and a Bézout identity and explain why the algorithm terminates.,Arithmetic lattice/factorization workbench with norm descent and unit-associate normalization.,MH3220,E4-rings-fields,M,guided lesson delivered,Issue #50; lib/algebra/guided-lessons.json#m3220-euclidean; tests/guided-content.test.mjs
92,Gaussian division,m3220-gaussian-division,"navTitle exact match: ""Gaussian division""",Rings & arithmetic,Factorisation & divisibility,P1,FIRST_PASS_REWORK,"Current disposition reports worked feedback, but the prior critique remains a useful specification for stronger first teaching.",The nearest-lattice-point norm estimate is a strong visual proof. It needs one uninterrupted numerical calculation.,"Work division of 7+5i by 3+2i, show the nearest Gaussian integer and verify the norm inequality for the remainder. Explain ties and nonuniqueness of a valid quotient.",Produce a valid quotient/remainder pair and justify the strict norm decrease.,"Polynomial workbench showing coefficient field, factorization changes, roots and proof certificates.",MH3220,E4-rings-fields,M,pending,
93,Principal ideals,m3220-pid,"navTitle exact match: ""Principal ideals""",Rings & arithmetic,Factorisation & divisibility,P1,FIRST_PASS_REWORK,"Current disposition reports worked feedback, but the prior critique remains a useful specification for stronger first teaching.","Euclidean ⇒ PID is available, but the hierarchy and the zero ideal require clean exposition.","Handle the zero ideal separately, prove the nonzero ideal argument fully and distinguish principal ideals from PIDs. Explain why a converse needs its own theorem or counterexample rather than a reversed arrow.",Prove a given ideal is principal by the minimum-remainder argument.,Ideal/submodule lattice with ascending/descending chains and hypothesis-aware theorem overlays.,MH3220,E4-rings-fields,M,guided lesson delivered,Issue #50; lib/algebra/guided-lessons.json#m3220-pid; tests/guided-content.test.mjs
94,Prime & irreducible,m3220-prime-irreducible,"navTitle exact match: ""Prime & irreducible""",Rings & arithmetic,Factorisation & divisibility,P1,FIRST_PASS_REWORK,"Current disposition reports worked feedback, but the prior critique remains a useful specification for stronger first teaching.",The distinction is important and the quadratic counterexample is appropriate. The norm argument needs to be carried through rather than alluded to.,"State nonzero/nonunit and domain hypotheses. Prove prime ⇒ irreducible, the PID converse, and explicitly verify an irreducible nonprime in ℤ[√−5].",Identify which implication holds in a domain and why the reverse needs extra structure.,"Polynomial workbench showing coefficient field, factorization changes, roots and proof certificates.",MH3220,E4-rings-fields,M,pending,
95,Unique factorisation,m3220-ufd,"navTitle exact match: ""Unique factorisation""",Rings & arithmetic,Factorisation & divisibility,P1,FIRST_PASS_REWORK,"Current disposition reports worked feedback, but the prior critique remains a useful specification for stronger first teaching.",A factorization theorem has two independent obligations—existence and uniqueness—that a short capsule tends to merge.,"Prove both stages in the PID route, including termination of factor extraction and the role of prime irreducibles. Work the competing factorizations of 6 in ℤ[√−5] and verify the factors are irreducible.","Diagnose whether a failure concerns existence, uniqueness or only different associate representatives.",Arithmetic lattice/factorization workbench with norm descent and unit-associate normalization.,MH3220,E4-rings-fields,M,guided lesson delivered,Issue #50; lib/algebra/guided-lessons.json#m3220-ufd; tests/guided-content.test.mjs
96,Localisation,m3220-localization,"navTitle exact match: ""Localisation""",Rings & arithmetic,Finiteness & local structure,P1,FIRST_PASS_REWORK,"Current disposition reports worked feedback, but the prior critique remains a useful specification for stronger first teaching.","The stated universal-property discussion is restricted to an injective setting. That is a legitimate special case, not the full general property.","State the general map-to-a-ring-where-S-becomes-units property, then explain which denominator hypotheses make the localization map injective. Give a construction and a map-factorization example.",Factor a specified homomorphism through S⁻¹R and distinguish injectivity from the universal property.,Fraction-equivalence microscope showing which elements become invertible and prime spectra filtering.,MH3220,E4-rings-fields,M,guided lesson and mathematical laboratory delivered,Issue #53; lib/algebra/guided-lessons.json#m3220-localization; tests/localisation-chains.test.mjs; tests/browser/localisation-chains.spec.mjs
97,Localise at a prime,m3220-prime-localization,"navTitle exact match: ""Localise at a prime""",Rings & arithmetic,Finiteness & local structure,P1,FIRST_PASS_REWORK,"Current disposition reports worked feedback, but the prior critique remains a useful specification for stronger first teaching.","The denominator distinction is handled well, but membership, units and nonunits should be tested together.","Compare ℤ_(p), ℤ[1/p] and ℚ using concrete fractions. Reduce fractions before testing membership, identify the maximal ideal and show why every element outside it is a unit.","Classify a fraction as absent, a unit or a nonunit in ℤ_(p).","Concept-specific finiteness & local structure model with prediction, invariant readout, counterexample and theorem debrief.",MH3220,E4-rings-fields,M,guided lesson and mathematical laboratory delivered,Issue #53; lib/algebra/guided-lessons.json#m3220-prime-localization; tests/localisation-chains.test.mjs; tests/browser/localisation-chains.spec.mjs
98,Other localisations,m3220-localization-variants,"navTitle exact match: ""Other localisations""",Rings & arithmetic,Finiteness & local structure,P2,OPEN_REFERENCE_ONLY,"Reading/reference entry exists, but the current disposition explicitly says the worked example is not developed.","Laurent polynomials, rational functions and localization with zero divisors are substantial extensions of the initial construction.","Split these cases, show why denominators generated by X do not produce every rational function, and derive the auxiliary-multiplier equivalence relation. Work ℤ/6ℤ with 3 inverted and track the kernel.",Explain why localization can identify a nonzero element with zero.,"Concept-specific finiteness & local structure model with prediction, invariant readout, counterexample and theorem debrief.",MH3220,E4-rings-fields,L,pending,
99,Noetherian rings,m3220-noetherian,"navTitle exact match: ""Noetherian rings""",Rings & arithmetic,Finiteness & local structure,P1,FIRST_PASS_REWORK,"Current disposition reports worked feedback, but the prior critique remains a useful specification for stronger first teaching.",The equivalent formulations are useful. A local lesson should not depend on a convention stated only “throughout the chapter.”,"State the ring/module context explicitly. Prove ACC ⇔ finite generation of every ideal, and work a finite-generation example and an infinite-variable counterexample.",Translate a nonstabilizing ascending chain into an ideal that is not finitely generated.,Ideal/submodule lattice with ascending/descending chains and hypothesis-aware theorem overlays.,MH3220,E4-rings-fields,M,guided lesson and mathematical laboratory delivered,Issue #53; lib/algebra/guided-lessons.json#m3220-noetherian; tests/localisation-chains.test.mjs; tests/browser/localisation-chains.spec.mjs
100,Hilbert’s basis theorem,m3220-hilbert,"navTitle exact match: ""Hilbert’s basis theorem""",Rings & arithmetic,Finiteness & local structure,P2,OPEN_REFERENCE_ONLY,"Reading/reference entry exists, but the current disposition explicitly says the worked example is not developed.","Leading coefficients are mentioned, but the finite set of lower-degree corrections is a key missing argument.","Give a complete proof with a fixed degree bound and finitely many coefficient ideals, or label the current text a proof sketch. Define algebraic zero sets before using V(I) as motivation.",Explain why controlling leading coefficients alone is not the whole proof.,Ascending ideal-generation process linked to leading terms; include proof dependency diagram.,MH3220,E4-rings-fields,L,pending,
101,Krull dimension,m3220-krull,"navTitle exact match: ""Krull dimension""",Rings & arithmetic,Finiteness & local structure,P2,OPEN_REFERENCE_ONLY,"Reading/reference entry exists, but the current disposition explicitly says the worked example is not developed.","Prime chains are introduced, but exhibiting a chain proves a lower bound, not an upper bound.",Explicitly separate “dimension at least d” from “dimension exactly d.” Work fields and ℤ completely; treat the dimension of polynomial rings as an imported theorem until its upper-bound argument is supplied.,Recognize when a diagram establishes only a lower bound.,Prime-chain explorer with examples and explicit non-geometric caveats.,MH3220,E4-rings-fields,L,pending,
102,Nilradical,m3220-nilradical,"navTitle exact match: ""Nilradical""",Rings & arithmetic,Finiteness & local structure,P1,FIRST_PASS_REWORK,"Current disposition reports worked feedback, but the prior critique remains a useful specification for stronger first teaching.","The nilpotent-element viewpoint is useful, but the central equality with the intersection of all prime ideals needs a prominent theorem and proof status.","Distinguish nil ideals from nilpotent ideals, give a non-Noetherian contrast and state where finite generation makes a nil ideal nilpotent. Separate this from Jacobson radical and the noncommutative theory.",Explain why a collection of nilpotent elements need not have one common vanishing power without extra hypotheses.,Ideal/submodule lattice with ascending/descending chains and hypothesis-aware theorem overlays.,MH3220,E4-rings-fields,M,pending,
103,Artinian rings,m3220-artinian,"navTitle exact match: ""Artinian rings""",Rings & arithmetic,Finiteness & local structure,P2,OPEN_REFERENCE_ONLY,"Reading/reference entry exists, but the current disposition explicitly says the worked example is not developed.",DCC and examples are accessible; the route to nilpotence and Noetherianity must be audited for dependency cycles.,"Lay out the lemmas proving finiteness of maximal ideals, radical nilpotence and local decomposition. Do not invoke a finite-generation version of Nakayama using Artinian ⇒ Noetherian before that implication is established.",Identify which finite-generation claims have actually been proved at each stage.,Ideal/submodule lattice with ascending/descending chains and hypothesis-aware theorem overlays.,MH3220,E4-rings-fields,L,pending,
104,Local decomposition,m3220-artinian-decomposition,"navTitle exact match: ""Local decomposition""",Rings & arithmetic,Finiteness & local structure,P2,OPEN_REFERENCE_ONLY,"Reading/reference entry exists, but the current disposition explicitly says the worked example is not developed.","The product of Artinian local factors is a useful structural theorem, but it is more than the semisimple quotient by the radical.","Compute the decomposition of ℤ/12ℤ and its idempotents. Contrast the full local factors with the product of residue fields, making the surviving nilpotent information visible.",Recover a ring element from its local-factor coordinates and distinguish R from R/J(R).,"Concept-specific finiteness & local structure model with prediction, invariant readout, counterexample and theorem debrief.",MH3220,E4-rings-fields,L,pending,
105,Discrete valuations,m3220-dvr,"navTitle exact match: ""Discrete valuations""",Rings & arithmetic,Finiteness & local structure,P2,OPEN_REFERENCE_ONLY,"Reading/reference entry exists, but the current disposition explicitly says the worked example is not developed.",The exponent picture and ideal classification are good. It must not be confused with either a Euclidean function or completion.,"Work vₚ on rational numbers, explain uniformizers and cancellation in sums, and prove all nonzero ideals are powers of the maximal ideal. Distinguish ℤ_(p) from the p-adic integers.","Determine units and ideal inclusion from valuations, with the direction of inclusion correct.","Concept-specific finiteness & local structure model with prediction, invariant readout, counterexample and theorem debrief.",MH3220,E4-rings-fields,L,pending,
106,Characteristic,m3220-characteristic,"navTitle exact match: ""Characteristic""",Fields & polynomials,Fields & extensions,P1,FIRST_PASS_REWORK,"Current disposition reports worked feedback, but the prior critique remains a useful specification for stronger first teaching.","The domain and finite-field conclusions are sound, but finite fields need a clearer distinction from residue rings of prime-power size.","Derive the map ℤ→R and its kernel, then prove a domain’s positive characteristic is prime. Replace “generally not” by the precise statement that 𝔽_(p²) and ℤ/p²ℤ are never isomorphic as rings.",Distinguish cardinality from characteristic and explain why a finite field is a vector space over its prime field.,"Representation/character decomposition lab with trace, invariant subspaces, inner products and multiplicities.",MH3220; Odyssey Y1,E4-rings-fields,M,pending,
107,Algebraic extensions,m3220-algebraic,"navTitle exact match: ""Algebraic extensions""",Fields & polynomials,Fields & extensions,P1,FIRST_PASS_REWORK,"Current disposition reports worked feedback, but the prior critique remains a useful specification for stronger first teaching.",The broad title substantially exceeds the current quadratic examples. A learner is not yet taught the general language needed by later representation arithmetic.,"Define extension fields, algebraic/transcendental elements, evaluation kernels, minimal polynomials and degree. Prove F(α)≅F[X]/(mα) and the tower law before treating quadratic fields as examples.","Find a minimal polynomial, give an extension basis and compute an extension degree.","Product/extension constructor with multiplication law, action compatibility and subgroup structure views.",MH3220,E4-rings-fields,M,pending,
108,Four-element field,m3220-finite-field-four,"navTitle exact match: ""Four-element field""",Fields & polynomials,Fields & extensions,P1,FIRST_PASS_REWORK,"Current disposition reports worked feedback, but the prior critique remains a useful specification for stronger first teaching.","The construction and arithmetic are correct and highly teachable. It should be a fully worked model, not just an assertion of one relation.","Build addition and multiplication from α²=α+1, calculate every inverse and compare additive and multiplicative groups. Contrast with ℤ/4ℤ and connect to the general irreducible-polynomial construction.",Explain why the field has four elements and why its nonzero elements form C₃.,"Concept-specific fields & extensions model with prediction, invariant readout, counterexample and theorem debrief.",MH3220,E4-rings-fields,M,pending,
109,Quadratic quotient rings,quadratic-quotient,"navTitle exact match: ""Quadratic quotient rings""",Fields & polynomials,Fields & extensions,P1,FIRST_PASS_REWORK,"Current disposition reports worked feedback, but the prior critique remains a useful specification for stronger first teaching.","This is a strong comparative capstone: the same vector-space size can conceal a field, a product or nilpotents.","Retain the three size-nine examples and compute explicit operations, an inverse, a zero divisor and a nilpotent. Show the CRT map in the split case rather than only naming the theorem.",Diagnose all three ring types from factorization of the modulus and verify the diagnosis arithmetically.,Partition/fiber view synchronized with the quotient operation and the relevant commuting map.,MH3220,E4-rings-fields,M,pending,
110,Coefficient data,m3220-polynomial,"navTitle exact match: ""Coefficient data""",Fields & polynomials,Polynomials & roots,P1,FIRST_PASS_REWORK,"Current disposition reports worked feedback, but the prior critique remains a useful specification for stronger first teaching.",Formal polynomials versus polynomial functions is an excellent distinction. The coefficient operations need a concrete derivation.,"Show finite-support coefficient sequences, addition and convolution multiplication. Exhibit distinct polynomials inducing the same function over a finite field and degree collapse over a ring with zero divisors.",Explain why Xᵖ−X can be nonzero as a polynomial while vanishing at every element of 𝔽ₚ.,"Concept-specific polynomials & roots model with prediction, invariant readout, counterexample and theorem debrief.",MH3220,E4-rings-fields,M,pending,
111,Division,m3220-polynomial-division,"navTitle exact match: ""Division""",Fields & polynomials,Polynomials & roots,P1,FIRST_PASS_REWORK,"Current disposition reports worked feedback, but the prior critique remains a useful specification for stronger first teaching.",The field and monic-divisor conditions are important. A worked long division is needed to show how the theorem operates.,Demonstrate each cancellation step and the proof of uniqueness. Contrast monic division over a general commutative ring with a divisor whose leading coefficient is a nonunit.,Perform division and identify exactly why the attempted algorithm can fail over ℤ.,"Polynomial workbench showing coefficient field, factorization changes, roots and proof certificates.",MH3220,E4-rings-fields,M,guided lesson and mathematical laboratory delivered,Issue #50; lib/algebra/guided-lessons.json#m3220-polynomial-division; tests/guided-content.test.mjs; tests/browser/polynomial-factorisation.spec.mjs
112,Roots & multiplicity,m3220-roots,"navTitle exact match: ""Roots & multiplicity""",Fields & polynomials,Polynomials & roots,P1,FIRST_PASS_REWORK,"Current disposition reports worked feedback, but the prior critique remains a useful specification for stronger first teaching.","The factor theorem and degree bound belong together, but the domain hypothesis and the nonzero-polynomial condition must remain visible.","Prove the factor theorem, count roots by repeated factorization and give a zero-divisor counterexample. Introduce repeated factors carefully before any derivative test, including characteristic-p caveats.",Explain why a polynomial over a ring with zero divisors can have more roots than its degree.,"Concept-specific polynomials & roots model with prediction, invariant readout, counterexample and theorem debrief.",MH3220,E4-rings-fields,M,pending,
113,Irreducibility,m3220-irreducibility-tests,"navTitle exact match: ""Irreducibility""",Fields & polynomials,Polynomials & roots,P1,FIRST_PASS_REWORK,"Current disposition reports worked feedback, but the prior critique remains a useful specification for stronger first teaching.",The degree-two/three root test is useful; a failed root search is not a general factorization proof.,"Work quadratic, cubic and reducible quartic examples. Add the rational-root test and a properly stated reduction-mod-p irreducibility criterion, with failed sufficient tests explicitly inconclusive.","Prove irreducibility using a valid criterion and reject a false “no roots, therefore irreducible” argument in degree four.","Polynomial workbench showing coefficient field, factorization changes, roots and proof certificates.",MH3220,E4-rings-fields,M,guided lesson and mathematical laboratory delivered,Issue #50; lib/algebra/guided-lessons.json#m3220-irreducibility-tests; tests/guided-content.test.mjs; tests/browser/polynomial-factorisation.spec.mjs
114,Gauss’s lemma,m3220-gauss,"navTitle exact match: ""Gauss’s lemma""",Fields & polynomials,Polynomials & roots,P1,FIRST_PASS_REWORK,"Current disposition reports worked feedback, but the prior critique remains a useful specification for stronger first teaching.",The content argument is appropriate but several logical bridges are compressed.,"Define primitive part and content, prove products of primitive polynomials are primitive by reduction modulo a prime, then clear denominators carefully. State the role of nonconstant factors in the rational/integer equivalence.",Turn a hypothetical factorization over ℚ into the required factorization over ℤ.,"Polynomial workbench showing coefficient field, factorization changes, roots and proof certificates.",MH3220,E4-rings-fields,M,guided lesson and mathematical laboratory delivered,Issue #50; lib/algebra/guided-lessons.json#m3220-gauss; tests/guided-content.test.mjs; tests/browser/polynomial-factorisation.spec.mjs
115,Eisenstein,m3220-eisenstein,"navTitle exact match: ""Eisenstein""",Fields & polynomials,Polynomials & roots,P1,FIRST_PASS_REWORK,"Current disposition reports worked feedback, but the prior critique remains a useful specification for stronger first teaching.","The monic version and shifted-polynomial example are good. Learners need to understand that the test is sufficient, not necessary.",Work X⁴+1 after translating X↦X+1 and justify that translation preserves reducibility. Optionally add the nonmonic version with p not dividing the leading coefficient.,Check every divisibility condition and explain why failure of the test proves nothing by itself.,"Polynomial workbench showing coefficient field, factorization changes, roots and proof certificates.",MH3220,E4-rings-fields,M,guided lesson and mathematical laboratory delivered,Issue #50; lib/algebra/guided-lessons.json#m3220-eisenstein; tests/guided-content.test.mjs; tests/browser/polynomial-factorisation.spec.mjs
116,Polynomial factorisation,m3220-polynomial-ufd,"navTitle exact match: ""Polynomial factorisation""",Fields & polynomials,Polynomials & roots,P1,FIRST_PASS_REWORK,"Current disposition reports worked feedback, but the prior critique remains a useful specification for stronger first teaching.","The UFD/PID distinction is valuable, but the general theorem and a special ℤ[X] example should not be treated as the same proof.","Prove the polynomial UFD theorem using Gauss. Show (2,X) is not principal in ℤ[X] and supply a general argument for the stated field/PID characterization under its hypotheses.",Distinguish unique factorization of elements from every ideal being principal.,"Polynomial workbench showing coefficient field, factorization changes, roots and proof certificates.",MH3220,E4-rings-fields,M,pending,
117,Nakayama,m3220-nakayama,"navTitle exact match: ""Nakayama""",Modules & representations,Modules & linear actions,P1,FIRST_PASS_REWORK,"Current disposition reports worked feedback, but the prior critique remains a useful specification for stronger first teaching.","The finite-generator argument is useful, but placing this before Module axioms is a major curriculum error.","Move it after modules, finite generation, local rings and Jacobson radical. Add the generator-lifting version and an example over a local ring, then retain the non-finitely-generated counterexample.",Explain every hypothesis and use M/𝔪M to lift a generating set.,Generator deletion animation in a local ring with the Jacobson-radical hypothesis always visible.,MH3220; URECA Y2,E6-modules-representations,M,pending,
118,Module axioms,m3220-modules,"navTitle exact match: ""Module axioms""",Modules & representations,Modules & linear actions,P0,CORRECTED_RETAIN_GATE,The current source and dedicated regression tests encode the main correction. Pedagogical depth still needs improvement.,The warning “Only units act invertibly” is false for a particular module: 2 is a nonunit of ℤ but acts invertibly on ℤ/3ℤ.,Replace it with “Units always act invertibly; nonunits may act invertibly on a particular module.” Contrast a general module with the regular module. Teach scalar action through its homomorphism into additive endomorphisms.,Verify the counterexample and distinguish a unit of R from an invertible operator on M.,Scalar-action homomorphism explorer contrasting the regular module with Z/3Z.,MH3220; URECA Y2,E6-modules-representations,M,guided lesson and mathematical laboratory delivered,Issue #55; lib/algebra/guided-lessons.json#m3220-modules; tests/module-action-board.test.mjs; tests/browser/module-action-board.spec.mjs
119,Submodules & quotients,m3220-submodules,"navTitle exact match: ""Submodules & quotients""",Modules & representations,Modules & linear actions,P1,FIRST_PASS_REWORK,"Current disposition reports worked feedback, but the prior critique remains a useful specification for stronger first teaching.","The operator-as-F[X]-module viewpoint is valuable, but arrives before polynomial action has been built.",First work additive subgroups stable under scalars; then define p(X)·v=p(T)v and explain invariant subspaces. Prove quotient scalar multiplication is representative-independent and add the module isomorphism theorem.,Find a submodule for one operator and explain why invariance under one map differs from invariance under a whole algebra.,Partition/fiber view synchronized with the quotient operation and the relevant commuting map.,MH3220; URECA Y2,E6-modules-representations,M,guided lesson and mathematical laboratory delivered,Issue #55; lib/algebra/guided-lessons.json#m3220-submodules; tests/module-action-board.test.mjs; tests/browser/module-action-board.spec.mjs
120,Maps & annihilators,m3220-annihilator,"navTitle exact match: ""Maps & annihilators""",Modules & representations,Modules & linear actions,P1,FIRST_PASS_REWORK,"Current disposition reports worked feedback, but the prior critique remains a useful specification for stronger first teaching.","Kernels, images and annihilators should not be compressed into an inventory of names.","Work maps between cyclic ℤ-modules and between operator modules. Distinguish the annihilator of one vector from that of the entire module, including the noncommutative one-sided/two-sided issue.","Compute an annihilator, kernel and image and identify the quotient supplied by the first isomorphism theorem.","Action-on-vectors/subspaces view with invariant-subspace, kernel, image and relation panels.",MH3220; URECA Y2,E6-modules-representations,M,guided lesson and mathematical laboratory delivered,Issue #55; lib/algebra/guided-lessons.json#m3220-annihilator; tests/module-action-board.test.mjs; tests/browser/module-action-board.spec.mjs
121,Module chains,m3220-module-chains,"navTitle exact match: ""Module chains""",Modules & representations,Modules & linear actions,P2,OPEN_REFERENCE_ONLY,"Reading/reference entry exists, but the current disposition explicitly says the worked example is not developed.",Chain conditions and finite-length reasoning need an explicit definition of module length and a clear dependency order.,"Define simple modules, composition series, Noetherian and Artinian modules separately. Show finite-dimensional examples and an example separating chain conditions from finite generation. Audit use of Artinian ring structure in proofs.","Explain why finite length supplies both chain conditions, and identify which converse hypotheses are needed.","Action-on-vectors/subspaces view with invariant-subspace, kernel, image and relation panels.",MH3220; URECA Y2,E6-modules-representations,L,pending,
122,Linear actions,ureca-linear-action,"navTitle exact match: ""Linear actions""",Modules & representations,Modules & linear actions,P1,FIRST_PASS_REWORK,"Current disposition reports worked feedback, but the prior critique remains a useful specification for stronger first teaching.","The left-action and column-vector convention is clearly stated, including translation from the cited textbook’s opposite convention. Preserve this strength.","Build the passage from a set action to a linear action slowly, display matrices on a chosen basis, and prove the homomorphism/action equivalence explicitly.",Verify a representation and explain why its matrices must be invertible.,"Action-on-vectors/subspaces view with invariant-subspace, kernel, image and relation panels.",MH3220; URECA Y2,E6-modules-representations,M,guided lesson and V15 laboratory delivered,"ureca-linear-action authored guided lesson, competency checks and D8 field/generator laboratory; tests/invariant-intertwiner.test.mjs and tests/browser/invariant-intertwiner.spec.mjs."
123,Permutation modules,ureca-permutation-module,"navTitle exact match: ""Permutation modules""",Modules & representations,Modules & linear actions,P1,FIRST_PASS_REWORK,"Current disposition reports worked feedback, but the prior critique remains a useful specification for stronger first teaching.",Distinguishing the cube’s spatial dimension from the dimension of its feature permutation module is excellent. The basis construction needs to be visible.,"Replace each labelled point by an independent basis vector, then move a nontrivial linear combination. Display the full matrix or exact basis permutation when the dimension exceeds three.","Explain why eight cube vertices give an eight-dimensional module, not a three-dimensional one.","Action-on-vectors/subspaces view with invariant-subspace, kernel, image and relation panels.",MH3220; URECA Y2,E6-modules-representations,M,guided lesson and V15 laboratory delivered,"ureca-permutation-module authored guided lesson, competency checks and D8 field/generator laboratory; tests/invariant-intertwiner.test.mjs and tests/browser/invariant-intertwiner.spec.mjs."
124,Invariant subspaces,ureca-invariant-subspaces,"navTitle exact match: ""Invariant subspaces""",Modules & representations,Modules & linear actions,P1,FIRST_PASS_REWORK,"Current disposition reports worked feedback, but the prior critique remains a useful specification for stronger first teaching.",The constant-line/sum-zero decomposition and characteristic-three warning are strong. The lesson needs to make subspace stability more concrete.,"Show the projection formulas, an adapted basis and the matrices of generators in that basis. Contrast pointwise fixed vectors with a subspace whose individual vectors move.",Check invariance under a generating set and prove the direct-sum decomposition.,"Action-on-vectors/subspaces view with invariant-subspace, kernel, image and relation panels.",MH3220; URECA Y2,E6-modules-representations,M,guided lesson and V15 laboratory delivered,"ureca-invariant-subspaces authored guided lesson, competency checks and D8 field/generator laboratory; tests/invariant-intertwiner.test.mjs and tests/browser/invariant-intertwiner.spec.mjs."
125,Intertwiners,ureca-intertwiners,"navTitle exact match: ""Intertwiners""",Modules & representations,Modules & linear actions,P1,FIRST_PASS_REWORK,"Current disposition reports worked feedback, but the prior critique remains a useful specification for stronger first teaching.",The text correctly requires one fixed change-of-basis map for every group element. The shared representation lab does not actually solve for or exhibit that map.,"Display an explicit T and solve Tρ_V(g)=ρ_W(g)T on generators. Show its kernel and image, and compare an invertible basis change with a noninvertible equivariant projection.",Verify one intertwiner across all generators and explain why element-by-element conjugators are insufficient.,"Action-on-vectors/subspaces view with invariant-subspace, kernel, image and relation panels.",MH3220; URECA Y2,E6-modules-representations,M,guided lesson and V15 laboratory delivered,"ureca-intertwiners authored guided lesson, competency checks and D8 field/generator laboratory; tests/invariant-intertwiner.test.mjs and tests/browser/invariant-intertwiner.spec.mjs."
126,Cyclic eigenvalues,ureca-cyclic-eigenvalues,"navTitle exact match: ""Cyclic eigenvalues""",Modules & representations,Modules & linear actions,P1,FIRST_PASS_REWORK,"Current disposition reports worked feedback, but the prior critique remains a useful specification for stronger first teaching.",The minimal-polynomial proof over ℂ is sound. Eigenvalues alone do not teach the decomposition or its field dependence.,"Calculate eigenvectors, multiplicities and character values for one cyclic restriction. Explain why Xᵐ−1 has distinct roots here and how modular characteristic can invalidate the argument.",Decompose the C₄ restriction and explain why an absent root of unity is not a contradiction.,"Concept-specific modules & linear actions model with prediction, invariant readout, counterexample and theorem debrief.",MH3220; URECA Y2,E6-modules-representations,M,pending,
127,Schur’s lemma,odyssey-schur,"navTitle exact match: ""Schur’s lemma""",Modules & representations,Characters & decomposition,P1,FIRST_PASS_REWORK,"Current disposition reports worked feedback, but the prior critique remains a useful specification for stronger first teaching.",This is one of the more complete short proofs. Its two conclusions have different hypotheses and should be visually separated.,"Keep the kernel/image proof, then separately prove scalar endomorphisms over an algebraically closed field in finite dimension. Work a real irreducible example with endomorphism algebra larger than ℝ.",State which version applies and show precisely where an eigenvalue is used.,"Representation/character decomposition lab with trace, invariant subspaces, inner products and multiplicities.",MH3220; URECA Y2; Odyssey Y1,E6-modules-representations,M,pending,
128,Character tables,odyssey-character-table,"navTitle exact match: ""Character tables""",Modules & representations,Characters & decomposition,P0,CORRECTED_RETAIN_GATE,The current source and dedicated regression tests encode the main correction. Pedagogical depth still needs improvement.,The S₃ table and weighted inner products are sound. A deeper paragraph inaccurately calls all characters of G/N “the irreducibles” with the relevant kernels. The breadth of the extra tables is not matched by derivations.,"Correct this to a bijection of irreducible characters by inflation. Build S₃ from representations, derive row/column orthogonality with stated prerequisites, then teach S₄, D₄/Q₈ and A₅ as separate worked constructions.","Construct a table rather than only use a supplied one, and distinguish an actual character, an irreducible character and a virtual character.",Construct-a-table workflow: conjugacy classes → known reps → orthogonality → unknown rows.,MH3220; URECA Y2; Odyssey Y1,E6-modules-representations,M,pending,
129,Induction,odyssey-induction,"navTitle exact match: ""Induction""",Modules & representations,Characters & decomposition,P2,OPEN_REFERENCE_ONLY,"Reading/reference entry exists, but the current disposition explicitly says the worked example is not developed.","The coset-copy/tensor construction is correct, including the warning that the copies are not G-submodules. It needs tensor products and restriction first.",Work an actual transversal and all generator matrices for induction from C₂ to S₃. Derive the induced-character formula by traces of fixed coset blocks. Move the GL₂(𝔽q) classification to a distinct advanced route.,Follow one vector across coset copies and explain the correction by the subgroup element.,Coset-basis induction visualizer and restricted-character comparison.,MH3220; URECA Y2; Odyssey Y1,E6-modules-representations,L,pending,
130,Frobenius reciprocity,odyssey-frobenius,"navTitle exact match: ""Frobenius reciprocity""",Modules & representations,Characters & decomposition,P2,OPEN_REFERENCE_ONLY,"Reading/reference entry exists, but the current disposition explicitly says the worked example is not developed.",The Hom-space proof is comparatively strong and field scope is handled well. A complete multiplicity computation would make it usable.,"Work both sides for induction from a subgroup of S₃, then derive the character statement under finite complex hypotheses. Keep restriction and induction clearly distinct rather than seeming inverse operations.",Compute a decomposition using restriction data and verify its total dimension.,Two-way Hom-space dimension calculator tied to an induction/restriction diagram.,MH3220; URECA Y2; Odyssey Y1,E6-modules-representations,L,pending,
131,Square modes,representations-square-modes,"navTitle exact match: ""Square modes""",Modules & representations,Characters & decomposition,P1,FIRST_PASS_REWORK,"Current disposition reports worked feedback, but the prior critique remains a useful specification for stronger first teaching.",The 1+1+2 decomposition is mathematically strong and visually well motivated. The coefficient projections and matrix actions should be made explicit.,"Decompose an arbitrary four-weight vector, display the generator matrices on each piece and prove invariance. Contrast irreducibility for the square group with restriction to its cyclic rotation subgroup.",Recover the original vector from its three components and explain why a moving pattern can span an invariant space.,"Representation/character decomposition lab with trace, invariant subspaces, inner products and multiplicities.",MH3220; URECA Y2; Odyssey Y1,E6-modules-representations,M,pending,
132,Real & complex,representations-real-complex,"navTitle exact match: ""Real & complex""",Modules & representations,Characters & decomposition,P0,CORRECTED_RETAIN_GATE,The current source and dedicated regression tests encode the main correction. Pedagogical depth still needs improvement.,"The text’s irreducible real two-dimensional C₃ rotation is correct, but the cyclic lab defaults to a three-dimensional C₄ action and always includes a fixed axis. It ignores the requested field toggle.","Implement the actual two-dimensional C₃ example and its complex eigenlines, or explicitly separate the ambient three-dimensional illustration from the representation being classified.","The selected group, field, dimension and irreducibility claim must refer to the same object.",C3 real plane rotation with complex eigenline toggle and irreducibility explanation.,MH3220; URECA Y2; Odyssey Y1,E6-modules-representations,M,pending,
133,Maschke,representations-maschke,"navTitle exact match: ""Maschke""",Modules & representations,Characters & decomposition,P1,FIRST_PASS_REWORK,"Current disposition reports worked feedback, but the prior critique remains a useful specification for stronger first teaching.",The averaged-projection proof and modular Jordan-block counterexample are good. Averaging vectors onto fixed points is not the same experiment as averaging an arbitrary projection onto an arbitrary submodule.,"Show a non-equivariant projection P, its conjugates, their average, and the invariant kernel of the result. Demonstrate the characteristic-p obstruction directly.","Verify the averaged map is idempotent, has image W and commutes with the action.","Representation/character decomposition lab with trace, invariant subspaces, inner products and multiplicities.",MH3220; URECA Y2; Odyssey Y1,E6-modules-representations,M,pending,
134,Traces & characters,representations-characters,"navTitle exact match: ""Traces & characters""",Modules & representations,Characters & decomposition,P1,FIRST_PASS_REWORK,"Current disposition reports worked feedback, but the prior critique remains a useful specification for stronger first teaching.","The cube character distinction is excellent, as is the correction that a fixed nonidentity scalar fiber need not be a subgroup. The current character lab centers on tensoring supplied rows.","Connect a selected cube motion to its spatial matrix, feature permutation and traces before doing table arithmetic. Derive the vertex decomposition 1⊕sgn⊕Std⊕(Std⊗sgn), and add a genuinely complex character example.","Explain what a character retains, why it is a class function and why equal dimensions do not imply equivalent representations.","Representation/character decomposition lab with trace, invariant subspaces, inner products and multiplicities.",MH3220; URECA Y2; Odyssey Y1,E6-modules-representations,M,pending,
135,Integrality & character degrees,characters-integrality,"navTitle exact match: ""Integrality & character degrees""",Modules & representations,Characters & decomposition,P2,PARTIAL_ADVANCED,"Advanced material has a worked illustration or proof roadmap, but remains compressed and source-dependent.","The argument is plausible but relies on algebraic-integer closure, class-sum structure constants and Galois/norm facts not adequately taught here.","Give a prerequisite arithmetic lesson, write the orthogonality identity proving degree divisibility explicitly and derive the central-character scalar. Keep ordinary integers and algebraic integers distinct.",Explain why |G|/χ(1) is both rational and an algebraic integer.,"Representation/character decomposition lab with trace, invariant subspaces, inner products and multiplicities.",MH3220; URECA Y2; Odyssey Y1,E6-modules-representations,M,pending,
136,Group algebras,ureca-group-algebra,"navTitle exact match: ""Group algebras""",Modules & representations,Algebras & tensor products,P1,FIRST_PASS_REWORK,"Current disposition reports worked feedback, but the prior critique remains a useful specification for stronger first teaching.","The linear-extension equivalence is right, with a useful warning that a group element is not a field scalar.","Multiply two explicit linear combinations in a small group algebra, derive the regular module and compute an averaging idempotent. Separate invertibility of group basis elements from general algebra elements.",Translate between a representation and a unital group-algebra module in both directions.,"Concept-specific algebras & tensor products model with prediction, invariant readout, counterexample and theorem debrief.",MH3220; URECA Y2; Odyssey Y1,E6-modules-representations,M,pending,
137,Tensor products & duals,tensor-products,"navTitle exact match: ""Tensor products & duals""",Modules & representations,Algebras & tensor products,P0,CORRECTED_RETAIN_GATE,The current source and dedicated regression tests encode the main correction. Pedagogical depth still needs improvement.,"The definition declares U a right R-module but writes (ru)⊗v=u⊗(rv). For a general noncommutative ring, ru is the wrong-sided, potentially undefined expression.","Correct the balancing relation to (ur)⊗v=u⊗(rv). State the universal property formally, build one tensor product by generators/relations and distinguish pure tensors from sums. Develop duals and Hom as a follow-on finite-dimensional example.",Type-check the module sides and compute a tensor product that is not merely an outer product of vectors.,Generator–relation tensor builder with typed left/right actions and pure-vs-sum examples.,MH3220; URECA Y2; Odyssey Y1,E6-modules-representations,M,pending,
138,Wedderburn decomposition,algebra-wedderburn,"navTitle exact match: ""Wedderburn decomposition""",Modules & representations,Algebras & tensor products,P2,PARTIAL_ADVANCED,"Advanced material has a worked illustration or proof roadmap, but remains compressed and source-dependent.",The finite-dimensional assumptions and opposite-ring issue are treated responsibly. The proof remains too compressed for an initial encounter with semisimple algebras.,Teach simple versus semisimple modules and isotypic components first. Compute matrix units and the regular module of Mₙ(F); then track the opposite ring through the proof and exhibit an actual group-algebra block map.,"Distinguish algebra blocks, dimensions of simple modules and multiplicities in the regular module.",Semisimple algebra block decomposition with simple modules and matrix blocks synchronized.,MH3220; URECA Y2; Odyssey Y1,E6-modules-representations,M,pending,
139,Radicals & module layers,algebra-radical,"navTitle exact match: ""Radicals & module layers""",Modules & representations,Algebras & tensor products,P2,PARTIAL_ADVANCED,"Advanced material has a worked illustration or proof roadmap, but remains compressed and source-dependent.","The finite-dimensional radical statements are useful, but rad M, soc M and their iterated layers need definitions before their formulas.","Work the natural T₂(F)-module with explicit matrices, its socle and quotient. Explain why semisimple successive layers do not imply a split module. Treat unitization, nilpotent-span results and matrix-ring module equivalence as separate extensions.",Compute a radical/socle filtration and identify the nonsplit extension data that the layer dimensions omit.,Ideal/submodule lattice with ascending/descending chains and hypothesis-aware theorem overlays.,MH3220; URECA Y2; Odyssey Y1,E6-modules-representations,M,pending,
140,Functions & equivalence,foundations-functions,"id exact match: ""foundations-functions""",Maps & quotients,Foundations,NEW_BRIDGE,PRESENT_BRIDGE_NEEDS_EXPANSION,Present in the current 143-lesson catalogue; useful but should anchor a prerequisite-aware unit.,"A valuable missing prerequisite bridge is now present. It should become the actual entry point to well-defined maps, fibers, equivalence relations and quotients, not merely one more catalogue page.","Turn it into a short mastery unit with map/non-map sorting, fiber tracing, equivalence-class construction and a well-definedness checkpoint used by every quotient lesson.","A learner can identify domain/codomain, compute fibers, verify an equivalence relation and explain why a proposed quotient operation is or is not well defined.",Function/fiber machine connected directly to an equivalence-partition and quotient-object view.,Cross-source foundation,E2-maps-quotients,M,guided-content and foundation laboratory delivered; full concept gate pending,Issue #32 authored teaching; Issue #33; lib/algebra/lab-contracts.json#foundations-functions; tests/foundation-labs.test.mjs; tests/browser/foundation-labs.spec.mjs. Finite foundation experiment verified; final per-concept review and remaining teaching requirements stay open.
141,Bases & linear maps,foundations-linear-algebra,"id exact match: ""foundations-linear-algebra""",Modules & representations,Foundations,NEW_BRIDGE,PRESENT_BRIDGE_NEEDS_EXPANSION,Present in the current 143-lesson catalogue; useful but should anchor a prerequisite-aware unit.,"The bridge repairs a major prerequisite gap, but one lesson cannot carry all linear-algebra dependencies used later by representations, characters, tensors and modules.","Split into coordinates/bases, kernels and images, invariant subspaces, eigenvalues/diagonalisation, trace and tensor prerequisites. Add diagnostics so advanced routes can skip only demonstrated competencies.","A learner can read a matrix as a map, find kernel/image, test invariance, use rank–nullity and connect trace/eigenvalues to representation examples.","Synchronized basis vectors, matrix columns, image/kernel geometry and invariant-line tests.",URECA Y2; MH3220 prerequisite,E6-modules-representations,M,guided foundation bridge delivered; split prerequisite coverage pending,"Guided matrix, kernel/image, rank-nullity, trace and invariant-line checks plus V15; the requested split into dedicated prerequisite lessons remains for final audit."
142,Generators & exact sequences,modules-generators,"id exact match: ""modules-generators""",Modules & representations,Modules & linear actions,NEW_BRIDGE,PRESENT_BRIDGE_NEEDS_EXPANSION,Present in the current 143-lesson catalogue; useful but should anchor a prerequisite-aware unit.,"This is a useful bridge, especially the distinction between generated and free. It still introduces exactness and splitting too abruptly for readers who have only seen quotient modules.",Create a three-stage sequence: presentations and relations; exactness as image=kernel; splitting and direct sums. Include one nonsplit example and a diagram chase.,"A learner can read exactness at each object, distinguish finite generation from freeness and prove the direct-sum conclusion from a splitting map.",Generator–relation board and exact-sequence flow diagram with kernel/image highlighting.,MH3220; Odyssey Y1,E6-modules-representations,M,guided lesson and mathematical laboratory delivered,Issue #55; lib/algebra/guided-lessons.json#modules-generators; tests/module-action-board.test.mjs; tests/browser/module-action-board.spec.mjs
143,Cauchy’s theorem,groups-cauchy,"id exact match: ""mh2220-cauchy""",Groups & symmetry,Local & normal structure,NEW_BRIDGE,PRESENT_BRIDGE_NEEDS_EXPANSION,Present in the current 143-lesson catalogue; useful but should anchor a prerequisite-aware unit.,The standalone bridge is a good addition because Cauchy is repeatedly used by Sylow and finite-group arguments. It should be positioned before Sylow and offer two proof lenses rather than appear as a detached theorem.,Give the cyclic-shift action proof and a second proof route where appropriate; add examples that diagnose exactly why the converse is trivial but not equivalent to Sylow.,"A learner can state the hypotheses, execute the orbit-counting proof and use the theorem without confusing existence of one element with classification of Sylow subgroups.",Cyclic action on p-tuples with fixed points and orbit sizes counted live.,MH2220; Odyssey Y1 §7,E5-advanced-groups,M,guided teaching gate delivered; tuple-action laboratory pending,lib/algebra/guided-lessons.json; lib/algebra/learning-metadata.json; tests/guided-content.test.mjs; tests/progress.test.mjs; issue #46; cyclic-shift proof and prime/composite boundary
